-- Consolidated Direct Injection for AC2, AC4, AC6, AC8
DO $$
DECLARE
    ac_role_id UUID;
BEGIN
    SELECT id INTO ac_role_id FROM public.roles WHERE code = 'academic_coordinator';
    IF ac_role_id IS NULL THEN RAISE EXCEPTION 'Required role not found'; END IF;

    -- Processing AC2 --
    IF NOT EXISTS (SELECT 1 FROM auth.users WHERE email = 'edusolve2ac@gmail.com') THEN
        INSERT INTO auth.users (id, instance_id, aud, role, email, encrypted_password, email_confirmed_at, raw_app_meta_data, raw_user_meta_data, created_at, updated_at)
        VALUES ('e2222222-2222-4222-a222-222222222222', '00000000-0000-0000-0000-000000000000', 'authenticated', 'authenticated', 'edusolve2ac@gmail.com', extensions.crypt('AC@Edusolve123', extensions.gen_salt('bf')), now(), '{"provider":"email","providers":["email"]}', '{"role":"academic_coordinator","full_name":"AC2"}', now(), now());
        INSERT INTO auth.identities (id, user_id, identity_data, provider, provider_id, last_sign_in_at, created_at, updated_at)
        VALUES ('e2222222-2222-4222-a222-222222222222', 'e2222222-2222-4222-a222-222222222222', format('{"sub":"%s","email":"%s"}', 'e2222222-2222-4222-a222-222222222222', 'edusolve2ac@gmail.com')::jsonb, 'email', 'e2222222-2222-4222-a222-222222222222', now(), now(), now());
        INSERT INTO public.users (id, full_name, email) VALUES ('e2222222-2222-4222-a222-222222222222', 'AC2', 'edusolve2ac@gmail.com');
        INSERT INTO public.user_roles (user_id, role_id) VALUES ('e2222222-2222-4222-a222-222222222222', ac_role_id);
    END IF;
    INSERT INTO public.students (id, academic_coordinator_id, student_name, student_code, contact_number, parent_phone, alternative_number, messaging_number, class_level, board, medium, package_name, total_hours, remaining_hours, status, joined_at, source, created_at, updated_at)
    VALUES ('52000000-0000-4000-8000-000000000000', 'e2222222-2222-4222-a222-222222222222', 'HEZRIN THOMAS', 'AG0240473', '96597643970', NULL, '550946177', 'contact', '9', 'CBSE', 'ENGLISH', 'Monthly', 20, 20, 'active', '2025-07-12', 'WhatsApp ', now(), now())
    ON CONFLICT (student_code) DO UPDATE SET academic_coordinator_id = EXCLUDED.academic_coordinator_id, student_name = EXCLUDED.student_name, contact_number = EXCLUDED.contact_number, parent_phone = EXCLUDED.parent_phone, alternative_number = EXCLUDED.alternative_number, class_level = EXCLUDED.class_level, board = EXCLUDED.board, medium = EXCLUDED.medium, package_name = EXCLUDED.package_name, total_hours = EXCLUDED.total_hours, remaining_hours = EXCLUDED.remaining_hours, status = EXCLUDED.status, updated_at = now();
    INSERT INTO public.students (id, academic_coordinator_id, student_name, student_code, contact_number, parent_phone, alternative_number, messaging_number, class_level, board, medium, package_name, total_hours, remaining_hours, status, joined_at, source, created_at, updated_at)
    VALUES ('52000001-0000-4000-8000-000000000001', 'e2222222-2222-4222-a222-222222222222', 'NAZRIN THOMAS', 'SP02501180', '96597643970', NULL, '550946177', 'contact', '8', 'CBSE', 'ENGLISH', 'Monthly', 20, 20, 'active', '2025-05-09', 'WhatsApp ', now(), now())
    ON CONFLICT (student_code) DO UPDATE SET academic_coordinator_id = EXCLUDED.academic_coordinator_id, student_name = EXCLUDED.student_name, contact_number = EXCLUDED.contact_number, parent_phone = EXCLUDED.parent_phone, alternative_number = EXCLUDED.alternative_number, class_level = EXCLUDED.class_level, board = EXCLUDED.board, medium = EXCLUDED.medium, package_name = EXCLUDED.package_name, total_hours = EXCLUDED.total_hours, remaining_hours = EXCLUDED.remaining_hours, status = EXCLUDED.status, updated_at = now();
    INSERT INTO public.students (id, academic_coordinator_id, student_name, student_code, contact_number, parent_phone, alternative_number, messaging_number, class_level, board, medium, package_name, total_hours, remaining_hours, status, joined_at, source, created_at, updated_at)
    VALUES ('52000002-0000-4000-8000-000000000002', 'e2222222-2222-4222-a222-222222222222', 'INAYA FELLAH', 'JU0240348', '97431158704', NULL, '466878975', 'contact', '4', 'CBSE', 'ENGLISH', '3 month', 60, 60, 'active', '2025-05-28', 'WhatsApp ', now(), now())
    ON CONFLICT (student_code) DO UPDATE SET academic_coordinator_id = EXCLUDED.academic_coordinator_id, student_name = EXCLUDED.student_name, contact_number = EXCLUDED.contact_number, parent_phone = EXCLUDED.parent_phone, alternative_number = EXCLUDED.alternative_number, class_level = EXCLUDED.class_level, board = EXCLUDED.board, medium = EXCLUDED.medium, package_name = EXCLUDED.package_name, total_hours = EXCLUDED.total_hours, remaining_hours = EXCLUDED.remaining_hours, status = EXCLUDED.status, updated_at = now();
    INSERT INTO public.students (id, academic_coordinator_id, student_name, student_code, contact_number, parent_phone, alternative_number, messaging_number, class_level, board, medium, package_name, total_hours, remaining_hours, status, joined_at, source, created_at, updated_at)
    VALUES ('52000003-0000-4000-8000-000000000003', 'e2222222-2222-4222-a222-222222222222', 'ATHMANA DJ', 'JN0250700', '971508260445', NULL, NULL, 'contact', '3', 'CBSE', 'ENGLISH', 'Monthly', 20, 20, 'active', '2025-01-06', 'WhatsApp ', now(), now())
    ON CONFLICT (student_code) DO UPDATE SET academic_coordinator_id = EXCLUDED.academic_coordinator_id, student_name = EXCLUDED.student_name, contact_number = EXCLUDED.contact_number, parent_phone = EXCLUDED.parent_phone, alternative_number = EXCLUDED.alternative_number, class_level = EXCLUDED.class_level, board = EXCLUDED.board, medium = EXCLUDED.medium, package_name = EXCLUDED.package_name, total_hours = EXCLUDED.total_hours, remaining_hours = EXCLUDED.remaining_hours, status = EXCLUDED.status, updated_at = now();
    INSERT INTO public.students (id, academic_coordinator_id, student_name, student_code, contact_number, parent_phone, alternative_number, messaging_number, class_level, board, medium, package_name, total_hours, remaining_hours, status, joined_at, source, created_at, updated_at)
    VALUES ('52000004-0000-4000-8000-000000000004', 'e2222222-2222-4222-a222-222222222222', 'ROSHNI', 'OC0240570', '971527925540', NULL, '8304041163', 'contact', '3', 'CBSE', 'ENGLISH', 'Monthly', 20, 20, 'active', '2025-01-06', 'WhatsApp ', now(), now())
    ON CONFLICT (student_code) DO UPDATE SET academic_coordinator_id = EXCLUDED.academic_coordinator_id, student_name = EXCLUDED.student_name, contact_number = EXCLUDED.contact_number, parent_phone = EXCLUDED.parent_phone, alternative_number = EXCLUDED.alternative_number, class_level = EXCLUDED.class_level, board = EXCLUDED.board, medium = EXCLUDED.medium, package_name = EXCLUDED.package_name, total_hours = EXCLUDED.total_hours, remaining_hours = EXCLUDED.remaining_hours, status = EXCLUDED.status, updated_at = now();
    INSERT INTO public.students (id, academic_coordinator_id, student_name, student_code, contact_number, parent_phone, alternative_number, messaging_number, class_level, board, medium, package_name, total_hours, remaining_hours, status, joined_at, source, created_at, updated_at)
    VALUES ('52000005-0000-4000-8000-000000000005', 'e2222222-2222-4222-a222-222222222222', 'Shauna', 'SP023086', '971555584913', NULL, NULL, 'contact', '7', 'CBSE', 'ENGLISH', 'Yearly', 240, 240, 'active', '2025-01-23', 'WhatsApp ', now(), now())
    ON CONFLICT (student_code) DO UPDATE SET academic_coordinator_id = EXCLUDED.academic_coordinator_id, student_name = EXCLUDED.student_name, contact_number = EXCLUDED.contact_number, parent_phone = EXCLUDED.parent_phone, alternative_number = EXCLUDED.alternative_number, class_level = EXCLUDED.class_level, board = EXCLUDED.board, medium = EXCLUDED.medium, package_name = EXCLUDED.package_name, total_hours = EXCLUDED.total_hours, remaining_hours = EXCLUDED.remaining_hours, status = EXCLUDED.status, updated_at = now();
    INSERT INTO public.students (id, academic_coordinator_id, student_name, student_code, contact_number, parent_phone, alternative_number, messaging_number, class_level, board, medium, package_name, total_hours, remaining_hours, status, joined_at, source, created_at, updated_at)
    VALUES ('52000006-0000-4000-8000-000000000006', 'e2222222-2222-4222-a222-222222222222', 'Diya', 'AR0240238', '97450620010', NULL, NULL, 'contact', '4', 'CBSE', 'ENGLISH', 'Customised', 16, 16, 'active', '2024-05-30', 'WhatsApp ', now(), now())
    ON CONFLICT (student_code) DO UPDATE SET academic_coordinator_id = EXCLUDED.academic_coordinator_id, student_name = EXCLUDED.student_name, contact_number = EXCLUDED.contact_number, parent_phone = EXCLUDED.parent_phone, alternative_number = EXCLUDED.alternative_number, class_level = EXCLUDED.class_level, board = EXCLUDED.board, medium = EXCLUDED.medium, package_name = EXCLUDED.package_name, total_hours = EXCLUDED.total_hours, remaining_hours = EXCLUDED.remaining_hours, status = EXCLUDED.status, updated_at = now();
    INSERT INTO public.students (id, academic_coordinator_id, student_name, student_code, contact_number, parent_phone, alternative_number, messaging_number, class_level, board, medium, package_name, total_hours, remaining_hours, status, joined_at, source, created_at, updated_at)
    VALUES ('52000007-0000-4000-8000-000000000007', 'e2222222-2222-4222-a222-222222222222', 'Chris zion sajan', 'AR0250972', '971509692025', NULL, NULL, 'contact', '4', 'CBSE', 'ENGLISH', 'Monthly', 20, 20, 'active', '2025-05-16', 'WhatsApp ', now(), now())
    ON CONFLICT (student_code) DO UPDATE SET academic_coordinator_id = EXCLUDED.academic_coordinator_id, student_name = EXCLUDED.student_name, contact_number = EXCLUDED.contact_number, parent_phone = EXCLUDED.parent_phone, alternative_number = EXCLUDED.alternative_number, class_level = EXCLUDED.class_level, board = EXCLUDED.board, medium = EXCLUDED.medium, package_name = EXCLUDED.package_name, total_hours = EXCLUDED.total_hours, remaining_hours = EXCLUDED.remaining_hours, status = EXCLUDED.status, updated_at = now();
    INSERT INTO public.students (id, academic_coordinator_id, student_name, student_code, contact_number, parent_phone, alternative_number, messaging_number, class_level, board, medium, package_name, total_hours, remaining_hours, status, joined_at, source, created_at, updated_at)
    VALUES ('52000008-0000-4000-8000-000000000008', 'e2222222-2222-4222-a222-222222222222', 'Yaseen abdulrahman', 'AR0250853', '971581493700', NULL, '1505059290', 'contact', '4', 'CBSE', 'ENGLISH', 'Monthly', 20, 20, 'active', '2025-08-06', 'WhatsApp ', now(), now())
    ON CONFLICT (student_code) DO UPDATE SET academic_coordinator_id = EXCLUDED.academic_coordinator_id, student_name = EXCLUDED.student_name, contact_number = EXCLUDED.contact_number, parent_phone = EXCLUDED.parent_phone, alternative_number = EXCLUDED.alternative_number, class_level = EXCLUDED.class_level, board = EXCLUDED.board, medium = EXCLUDED.medium, package_name = EXCLUDED.package_name, total_hours = EXCLUDED.total_hours, remaining_hours = EXCLUDED.remaining_hours, status = EXCLUDED.status, updated_at = now();
    INSERT INTO public.students (id, academic_coordinator_id, student_name, student_code, contact_number, parent_phone, alternative_number, messaging_number, class_level, board, medium, package_name, total_hours, remaining_hours, status, joined_at, source, created_at, updated_at)
    VALUES ('52000009-0000-4000-8000-000000000009', 'e2222222-2222-4222-a222-222222222222', 'Jaiden pc', 'MA0250973', '971501541824', NULL, '1589416063', 'contact', '12', 'CBSE', 'ENGLISH', '3Month', 63, 63, 'active', '2025-05-16', 'WhatsApp ', now(), now())
    ON CONFLICT (student_code) DO UPDATE SET academic_coordinator_id = EXCLUDED.academic_coordinator_id, student_name = EXCLUDED.student_name, contact_number = EXCLUDED.contact_number, parent_phone = EXCLUDED.parent_phone, alternative_number = EXCLUDED.alternative_number, class_level = EXCLUDED.class_level, board = EXCLUDED.board, medium = EXCLUDED.medium, package_name = EXCLUDED.package_name, total_hours = EXCLUDED.total_hours, remaining_hours = EXCLUDED.remaining_hours, status = EXCLUDED.status, updated_at = now();
    INSERT INTO public.students (id, academic_coordinator_id, student_name, student_code, contact_number, parent_phone, alternative_number, messaging_number, class_level, board, medium, package_name, total_hours, remaining_hours, status, joined_at, source, created_at, updated_at)
    VALUES ('52000010-0000-4000-8000-00000000000a', 'e2222222-2222-4222-a222-222222222222', 'Devashree', 'JN0250682', '919495397917', NULL, NULL, 'contact', '4', 'CBSE', 'ENGLISH', '3Month', 63, 63, 'active', '2025-03-03', 'WhatsApp ', now(), now())
    ON CONFLICT (student_code) DO UPDATE SET academic_coordinator_id = EXCLUDED.academic_coordinator_id, student_name = EXCLUDED.student_name, contact_number = EXCLUDED.contact_number, parent_phone = EXCLUDED.parent_phone, alternative_number = EXCLUDED.alternative_number, class_level = EXCLUDED.class_level, board = EXCLUDED.board, medium = EXCLUDED.medium, package_name = EXCLUDED.package_name, total_hours = EXCLUDED.total_hours, remaining_hours = EXCLUDED.remaining_hours, status = EXCLUDED.status, updated_at = now();
    INSERT INTO public.students (id, academic_coordinator_id, student_name, student_code, contact_number, parent_phone, alternative_number, messaging_number, class_level, board, medium, package_name, total_hours, remaining_hours, status, joined_at, source, created_at, updated_at)
    VALUES ('52000011-0000-4000-8000-00000000000b', 'e2222222-2222-4222-a222-222222222222', 'Prarthana Pradeep', 'SP02501137', '971558778569', NULL, '7907051355', 'contact', '8', 'CBSE', 'ENGLISH', 'Monthly', 20, 20, 'active', '2025-11-09', 'WhatsApp ', now(), now())
    ON CONFLICT (student_code) DO UPDATE SET academic_coordinator_id = EXCLUDED.academic_coordinator_id, student_name = EXCLUDED.student_name, contact_number = EXCLUDED.contact_number, parent_phone = EXCLUDED.parent_phone, alternative_number = EXCLUDED.alternative_number, class_level = EXCLUDED.class_level, board = EXCLUDED.board, medium = EXCLUDED.medium, package_name = EXCLUDED.package_name, total_hours = EXCLUDED.total_hours, remaining_hours = EXCLUDED.remaining_hours, status = EXCLUDED.status, updated_at = now();
    INSERT INTO public.students (id, academic_coordinator_id, student_name, student_code, contact_number, parent_phone, alternative_number, messaging_number, class_level, board, medium, package_name, total_hours, remaining_hours, status, joined_at, source, created_at, updated_at)
    VALUES ('52000012-0000-4000-8000-00000000000c', 'e2222222-2222-4222-a222-222222222222', 'Harshak', 'SP02501179', '971567214762', '1507907252', '1566900283', 'contact', '1', 'CBSE', 'ENGLISH', 'Customised', 12, 12, 'active', '2025-09-27', 'WhatsApp ', now(), now())
    ON CONFLICT (student_code) DO UPDATE SET academic_coordinator_id = EXCLUDED.academic_coordinator_id, student_name = EXCLUDED.student_name, contact_number = EXCLUDED.contact_number, parent_phone = EXCLUDED.parent_phone, alternative_number = EXCLUDED.alternative_number, class_level = EXCLUDED.class_level, board = EXCLUDED.board, medium = EXCLUDED.medium, package_name = EXCLUDED.package_name, total_hours = EXCLUDED.total_hours, remaining_hours = EXCLUDED.remaining_hours, status = EXCLUDED.status, updated_at = now();
    INSERT INTO public.students (id, academic_coordinator_id, student_name, student_code, contact_number, parent_phone, alternative_number, messaging_number, class_level, board, medium, package_name, total_hours, remaining_hours, status, joined_at, source, created_at, updated_at)
    VALUES ('52000013-0000-4000-8000-00000000000d', 'e2222222-2222-4222-a222-222222222222', 'Hemanika', 'FB0250742', '971567214762', '1507907252', '1566900283', 'contact', '5', 'CBSE', 'ENGLISH', 'Monthly', 20, 20, 'active', '2025-02-24', 'WhatsApp ', now(), now())
    ON CONFLICT (student_code) DO UPDATE SET academic_coordinator_id = EXCLUDED.academic_coordinator_id, student_name = EXCLUDED.student_name, contact_number = EXCLUDED.contact_number, parent_phone = EXCLUDED.parent_phone, alternative_number = EXCLUDED.alternative_number, class_level = EXCLUDED.class_level, board = EXCLUDED.board, medium = EXCLUDED.medium, package_name = EXCLUDED.package_name, total_hours = EXCLUDED.total_hours, remaining_hours = EXCLUDED.remaining_hours, status = EXCLUDED.status, updated_at = now();
    INSERT INTO public.students (id, academic_coordinator_id, student_name, student_code, contact_number, parent_phone, alternative_number, messaging_number, class_level, board, medium, package_name, total_hours, remaining_hours, status, joined_at, source, created_at, updated_at)
    VALUES ('52000014-0000-4000-8000-00000000000e', 'e2222222-2222-4222-a222-222222222222', 'Akshara', 'DC0240638', '96878261365', NULL, NULL, 'contact', '7', 'CBSE', 'ENGLISH', 'Monthly', 20, 20, 'active', '2025-04-16', 'WhatsApp ', now(), now())
    ON CONFLICT (student_code) DO UPDATE SET academic_coordinator_id = EXCLUDED.academic_coordinator_id, student_name = EXCLUDED.student_name, contact_number = EXCLUDED.contact_number, parent_phone = EXCLUDED.parent_phone, alternative_number = EXCLUDED.alternative_number, class_level = EXCLUDED.class_level, board = EXCLUDED.board, medium = EXCLUDED.medium, package_name = EXCLUDED.package_name, total_hours = EXCLUDED.total_hours, remaining_hours = EXCLUDED.remaining_hours, status = EXCLUDED.status, updated_at = now();
    INSERT INTO public.students (id, academic_coordinator_id, student_name, student_code, contact_number, parent_phone, alternative_number, messaging_number, class_level, board, medium, package_name, total_hours, remaining_hours, status, joined_at, source, created_at, updated_at)
    VALUES ('52000015-0000-4000-8000-00000000000f', 'e2222222-2222-4222-a222-222222222222', 'Thanvi', 'MA0250980', '966598689196', NULL, NULL, 'contact', '7', 'CBSE', 'ENGLISH', 'Monthly', 20, 20, 'active', '2025-01-01', 'WhatsApp ', now(), now())
    ON CONFLICT (student_code) DO UPDATE SET academic_coordinator_id = EXCLUDED.academic_coordinator_id, student_name = EXCLUDED.student_name, contact_number = EXCLUDED.contact_number, parent_phone = EXCLUDED.parent_phone, alternative_number = EXCLUDED.alternative_number, class_level = EXCLUDED.class_level, board = EXCLUDED.board, medium = EXCLUDED.medium, package_name = EXCLUDED.package_name, total_hours = EXCLUDED.total_hours, remaining_hours = EXCLUDED.remaining_hours, status = EXCLUDED.status, updated_at = now();
    INSERT INTO public.students (id, academic_coordinator_id, student_name, student_code, contact_number, parent_phone, alternative_number, messaging_number, class_level, board, medium, package_name, total_hours, remaining_hours, status, joined_at, source, created_at, updated_at)
    VALUES ('52000016-0000-4000-8000-000000000010', 'e2222222-2222-4222-a222-222222222222', 'Aziya ashkath', 'DC0230179', '97477323254', NULL, '470967718', 'contact', '12', 'CBSE', 'ENGLISH', 'Customised', 24, 24, 'active', '2024-03-03', 'WhatsApp ', now(), now())
    ON CONFLICT (student_code) DO UPDATE SET academic_coordinator_id = EXCLUDED.academic_coordinator_id, student_name = EXCLUDED.student_name, contact_number = EXCLUDED.contact_number, parent_phone = EXCLUDED.parent_phone, alternative_number = EXCLUDED.alternative_number, class_level = EXCLUDED.class_level, board = EXCLUDED.board, medium = EXCLUDED.medium, package_name = EXCLUDED.package_name, total_hours = EXCLUDED.total_hours, remaining_hours = EXCLUDED.remaining_hours, status = EXCLUDED.status, updated_at = now();
    INSERT INTO public.students (id, academic_coordinator_id, student_name, student_code, contact_number, parent_phone, alternative_number, messaging_number, class_level, board, medium, package_name, total_hours, remaining_hours, status, joined_at, source, created_at, updated_at)
    VALUES ('52000017-0000-4000-8000-000000000011', 'e2222222-2222-4222-a222-222222222222', 'Ayra Ashkath', 'DC0230180', '97477323254', NULL, '470967718', 'contact', '5', 'CBSE', 'ENGLISH', 'Customised', 12, 12, 'active', '2024-04-03', 'WhatsApp ', now(), now())
    ON CONFLICT (student_code) DO UPDATE SET academic_coordinator_id = EXCLUDED.academic_coordinator_id, student_name = EXCLUDED.student_name, contact_number = EXCLUDED.contact_number, parent_phone = EXCLUDED.parent_phone, alternative_number = EXCLUDED.alternative_number, class_level = EXCLUDED.class_level, board = EXCLUDED.board, medium = EXCLUDED.medium, package_name = EXCLUDED.package_name, total_hours = EXCLUDED.total_hours, remaining_hours = EXCLUDED.remaining_hours, status = EXCLUDED.status, updated_at = now();
    INSERT INTO public.students (id, academic_coordinator_id, student_name, student_code, contact_number, parent_phone, alternative_number, messaging_number, class_level, board, medium, package_name, total_hours, remaining_hours, status, joined_at, source, created_at, updated_at)
    VALUES ('52000018-0000-4000-8000-000000000012', 'e2222222-2222-4222-a222-222222222222', 'Aaradya', 'AG0240439', '96596098834', NULL, NULL, 'contact', '8', 'CBSE', 'ENGLISH', '3MONTH', 63, 63, 'active', '2024-09-04', 'WhatsApp ', now(), now())
    ON CONFLICT (student_code) DO UPDATE SET academic_coordinator_id = EXCLUDED.academic_coordinator_id, student_name = EXCLUDED.student_name, contact_number = EXCLUDED.contact_number, parent_phone = EXCLUDED.parent_phone, alternative_number = EXCLUDED.alternative_number, class_level = EXCLUDED.class_level, board = EXCLUDED.board, medium = EXCLUDED.medium, package_name = EXCLUDED.package_name, total_hours = EXCLUDED.total_hours, remaining_hours = EXCLUDED.remaining_hours, status = EXCLUDED.status, updated_at = now();
    INSERT INTO public.students (id, academic_coordinator_id, student_name, student_code, contact_number, parent_phone, alternative_number, messaging_number, class_level, board, medium, package_name, total_hours, remaining_hours, status, joined_at, source, created_at, updated_at)
    VALUES ('52000019-0000-4000-8000-000000000013', 'e2222222-2222-4222-a222-222222222222', 'Aron', 'NV0240602', '919495913551', NULL, NULL, 'contact', '5', 'CBSE', 'ENGLISH', 'Monthly', 20, 20, 'active', '2025-03-03', 'WhatsApp ', now(), now())
    ON CONFLICT (student_code) DO UPDATE SET academic_coordinator_id = EXCLUDED.academic_coordinator_id, student_name = EXCLUDED.student_name, contact_number = EXCLUDED.contact_number, parent_phone = EXCLUDED.parent_phone, alternative_number = EXCLUDED.alternative_number, class_level = EXCLUDED.class_level, board = EXCLUDED.board, medium = EXCLUDED.medium, package_name = EXCLUDED.package_name, total_hours = EXCLUDED.total_hours, remaining_hours = EXCLUDED.remaining_hours, status = EXCLUDED.status, updated_at = now();
    INSERT INTO public.students (id, academic_coordinator_id, student_name, student_code, contact_number, parent_phone, alternative_number, messaging_number, class_level, board, medium, package_name, total_hours, remaining_hours, status, joined_at, source, created_at, updated_at)
    VALUES ('52000020-0000-4000-8000-000000000014', 'e2222222-2222-4222-a222-222222222222', 'Jake soby', 'JL02501034', '979061085377', '1552724753', '1521148090', 'contact', '5', 'CBSE', 'ENGLISH', 'Monthly', 20, 20, 'active', '2025-07-15', 'WhatsApp ', now(), now())
    ON CONFLICT (student_code) DO UPDATE SET academic_coordinator_id = EXCLUDED.academic_coordinator_id, student_name = EXCLUDED.student_name, contact_number = EXCLUDED.contact_number, parent_phone = EXCLUDED.parent_phone, alternative_number = EXCLUDED.alternative_number, class_level = EXCLUDED.class_level, board = EXCLUDED.board, medium = EXCLUDED.medium, package_name = EXCLUDED.package_name, total_hours = EXCLUDED.total_hours, remaining_hours = EXCLUDED.remaining_hours, status = EXCLUDED.status, updated_at = now();
    INSERT INTO public.students (id, academic_coordinator_id, student_name, student_code, contact_number, parent_phone, alternative_number, messaging_number, class_level, board, medium, package_name, total_hours, remaining_hours, status, joined_at, source, created_at, updated_at)
    VALUES ('52000021-0000-4000-8000-000000000015', 'e2222222-2222-4222-a222-222222222222', 'Senon soby', 'JL02501035', '979061085377', '1552724753', '1521148090', 'contact', '8', 'CBSE', 'ENGLISH', 'Monthly', 20, 20, 'active', '2025-07-15', 'WhatsApp ', now(), now())
    ON CONFLICT (student_code) DO UPDATE SET academic_coordinator_id = EXCLUDED.academic_coordinator_id, student_name = EXCLUDED.student_name, contact_number = EXCLUDED.contact_number, parent_phone = EXCLUDED.parent_phone, alternative_number = EXCLUDED.alternative_number, class_level = EXCLUDED.class_level, board = EXCLUDED.board, medium = EXCLUDED.medium, package_name = EXCLUDED.package_name, total_hours = EXCLUDED.total_hours, remaining_hours = EXCLUDED.remaining_hours, status = EXCLUDED.status, updated_at = now();
    INSERT INTO public.students (id, academic_coordinator_id, student_name, student_code, contact_number, parent_phone, alternative_number, messaging_number, class_level, board, medium, package_name, total_hours, remaining_hours, status, joined_at, source, created_at, updated_at)
    VALUES ('52000022-0000-4000-8000-000000000016', 'e2222222-2222-4222-a222-222222222222', 'Parvana', 'NV0240597', '971547322362', NULL, NULL, 'contact', '5', 'CBSE', 'ENGLISH', '3MONTH', 63, 63, 'active', '2025-01-03', 'WhatsApp ', now(), now())
    ON CONFLICT (student_code) DO UPDATE SET academic_coordinator_id = EXCLUDED.academic_coordinator_id, student_name = EXCLUDED.student_name, contact_number = EXCLUDED.contact_number, parent_phone = EXCLUDED.parent_phone, alternative_number = EXCLUDED.alternative_number, class_level = EXCLUDED.class_level, board = EXCLUDED.board, medium = EXCLUDED.medium, package_name = EXCLUDED.package_name, total_hours = EXCLUDED.total_hours, remaining_hours = EXCLUDED.remaining_hours, status = EXCLUDED.status, updated_at = now();
    INSERT INTO public.students (id, academic_coordinator_id, student_name, student_code, contact_number, parent_phone, alternative_number, messaging_number, class_level, board, medium, package_name, total_hours, remaining_hours, status, joined_at, source, created_at, updated_at)
    VALUES ('52000023-0000-4000-8000-000000000017', 'e2222222-2222-4222-a222-222222222222', 'Ameya Sooraj', 'JU0250999', '971504316651', NULL, NULL, 'contact', '3', 'CBSE', 'ENGLISH', 'Customised', 10, 10, 'active', '2025-06-06', 'WhatsApp ', now(), now())
    ON CONFLICT (student_code) DO UPDATE SET academic_coordinator_id = EXCLUDED.academic_coordinator_id, student_name = EXCLUDED.student_name, contact_number = EXCLUDED.contact_number, parent_phone = EXCLUDED.parent_phone, alternative_number = EXCLUDED.alternative_number, class_level = EXCLUDED.class_level, board = EXCLUDED.board, medium = EXCLUDED.medium, package_name = EXCLUDED.package_name, total_hours = EXCLUDED.total_hours, remaining_hours = EXCLUDED.remaining_hours, status = EXCLUDED.status, updated_at = now();
    INSERT INTO public.students (id, academic_coordinator_id, student_name, student_code, contact_number, parent_phone, alternative_number, messaging_number, class_level, board, medium, package_name, total_hours, remaining_hours, status, joined_at, source, created_at, updated_at)
    VALUES ('52000024-0000-4000-8000-000000000018', 'e2222222-2222-4222-a222-222222222222', 'Maryam', 'AG0240446', '97433210152', NULL, NULL, 'contact', '7', 'CBSE', 'ENGLISH', 'Monthly', 20, 20, 'active', '2024-08-17', 'WhatsApp ', now(), now())
    ON CONFLICT (student_code) DO UPDATE SET academic_coordinator_id = EXCLUDED.academic_coordinator_id, student_name = EXCLUDED.student_name, contact_number = EXCLUDED.contact_number, parent_phone = EXCLUDED.parent_phone, alternative_number = EXCLUDED.alternative_number, class_level = EXCLUDED.class_level, board = EXCLUDED.board, medium = EXCLUDED.medium, package_name = EXCLUDED.package_name, total_hours = EXCLUDED.total_hours, remaining_hours = EXCLUDED.remaining_hours, status = EXCLUDED.status, updated_at = now();
    INSERT INTO public.students (id, academic_coordinator_id, student_name, student_code, contact_number, parent_phone, alternative_number, messaging_number, class_level, board, medium, package_name, total_hours, remaining_hours, status, joined_at, source, created_at, updated_at)
    VALUES ('52000025-0000-4000-8000-000000000019', 'e2222222-2222-4222-a222-222222222222', 'Muhammed', 'SP02501187', '971508388473', NULL, '1562116118', 'contact', '7', 'CBSE', 'ENGLISH', 'Monthly', 20, 20, 'active', '2026-01-29', 'WhatsApp ', now(), now())
    ON CONFLICT (student_code) DO UPDATE SET academic_coordinator_id = EXCLUDED.academic_coordinator_id, student_name = EXCLUDED.student_name, contact_number = EXCLUDED.contact_number, parent_phone = EXCLUDED.parent_phone, alternative_number = EXCLUDED.alternative_number, class_level = EXCLUDED.class_level, board = EXCLUDED.board, medium = EXCLUDED.medium, package_name = EXCLUDED.package_name, total_hours = EXCLUDED.total_hours, remaining_hours = EXCLUDED.remaining_hours, status = EXCLUDED.status, updated_at = now();
    INSERT INTO public.students (id, academic_coordinator_id, student_name, student_code, contact_number, parent_phone, alternative_number, messaging_number, class_level, board, medium, package_name, total_hours, remaining_hours, status, joined_at, source, created_at, updated_at)
    VALUES ('52000026-0000-4000-8000-00000000001a', 'e2222222-2222-4222-a222-222222222222', 'Izza parveen', 'AU02501069', '966896968025', NULL, '878696187', 'contact', '7', 'CBSE', 'ENGLISH', '3Month', 63, 63, 'active', '2025-09-08', 'WhatsApp ', now(), now())
    ON CONFLICT (student_code) DO UPDATE SET academic_coordinator_id = EXCLUDED.academic_coordinator_id, student_name = EXCLUDED.student_name, contact_number = EXCLUDED.contact_number, parent_phone = EXCLUDED.parent_phone, alternative_number = EXCLUDED.alternative_number, class_level = EXCLUDED.class_level, board = EXCLUDED.board, medium = EXCLUDED.medium, package_name = EXCLUDED.package_name, total_hours = EXCLUDED.total_hours, remaining_hours = EXCLUDED.remaining_hours, status = EXCLUDED.status, updated_at = now();
    INSERT INTO public.students (id, academic_coordinator_id, student_name, student_code, contact_number, parent_phone, alternative_number, messaging_number, class_level, board, medium, package_name, total_hours, remaining_hours, status, joined_at, source, created_at, updated_at)
    VALUES ('52000027-0000-4000-8000-00000000001b', 'e2222222-2222-4222-a222-222222222222', 'Anita maria josh', 'JN0250675', '971507716676', NULL, NULL, 'contact', '5', 'CBSE', 'ENGLISH', '3Month', 63, 63, 'active', '2025-01-03', 'WhatsApp ', now(), now())
    ON CONFLICT (student_code) DO UPDATE SET academic_coordinator_id = EXCLUDED.academic_coordinator_id, student_name = EXCLUDED.student_name, contact_number = EXCLUDED.contact_number, parent_phone = EXCLUDED.parent_phone, alternative_number = EXCLUDED.alternative_number, class_level = EXCLUDED.class_level, board = EXCLUDED.board, medium = EXCLUDED.medium, package_name = EXCLUDED.package_name, total_hours = EXCLUDED.total_hours, remaining_hours = EXCLUDED.remaining_hours, status = EXCLUDED.status, updated_at = now();
    INSERT INTO public.students (id, academic_coordinator_id, student_name, student_code, contact_number, parent_phone, alternative_number, messaging_number, class_level, board, medium, package_name, total_hours, remaining_hours, status, joined_at, source, created_at, updated_at)
    VALUES ('52000028-0000-4000-8000-00000000001c', 'e2222222-2222-4222-a222-222222222222', 'Annie', 'FB0250752', '971507716676', NULL, NULL, 'contact', '10', 'CBSE', 'ENGLISH', '3Month', 63, 63, 'active', '2025-01-03', 'WhatsApp ', now(), now())
    ON CONFLICT (student_code) DO UPDATE SET academic_coordinator_id = EXCLUDED.academic_coordinator_id, student_name = EXCLUDED.student_name, contact_number = EXCLUDED.contact_number, parent_phone = EXCLUDED.parent_phone, alternative_number = EXCLUDED.alternative_number, class_level = EXCLUDED.class_level, board = EXCLUDED.board, medium = EXCLUDED.medium, package_name = EXCLUDED.package_name, total_hours = EXCLUDED.total_hours, remaining_hours = EXCLUDED.remaining_hours, status = EXCLUDED.status, updated_at = now();
    INSERT INTO public.students (id, academic_coordinator_id, student_name, student_code, contact_number, parent_phone, alternative_number, messaging_number, class_level, board, medium, package_name, total_hours, remaining_hours, status, joined_at, source, created_at, updated_at)
    VALUES ('52000029-0000-4000-8000-00000000001d', 'e2222222-2222-4222-a222-222222222222', 'Jiya biju', 'AR0250864', '966558782925', NULL, NULL, 'contact', '10', 'CBSE', 'ENGLISH', '3Month', 63, 63, 'active', '2025-12-04', 'WhatsApp ', now(), now())
    ON CONFLICT (student_code) DO UPDATE SET academic_coordinator_id = EXCLUDED.academic_coordinator_id, student_name = EXCLUDED.student_name, contact_number = EXCLUDED.contact_number, parent_phone = EXCLUDED.parent_phone, alternative_number = EXCLUDED.alternative_number, class_level = EXCLUDED.class_level, board = EXCLUDED.board, medium = EXCLUDED.medium, package_name = EXCLUDED.package_name, total_hours = EXCLUDED.total_hours, remaining_hours = EXCLUDED.remaining_hours, status = EXCLUDED.status, updated_at = now();
    INSERT INTO public.students (id, academic_coordinator_id, student_name, student_code, contact_number, parent_phone, alternative_number, messaging_number, class_level, board, medium, package_name, total_hours, remaining_hours, status, joined_at, source, created_at, updated_at)
    VALUES ('52000030-0000-4000-8000-00000000001e', 'e2222222-2222-4222-a222-222222222222', 'Aysha Sulfikar', 'AP02501141', '971506612376', NULL, NULL, 'contact', '8', 'CBSE', 'ENGLISH', '6 month', 128, 128, 'active', now(), 'WhatsApp ', now(), now())
    ON CONFLICT (student_code) DO UPDATE SET academic_coordinator_id = EXCLUDED.academic_coordinator_id, student_name = EXCLUDED.student_name, contact_number = EXCLUDED.contact_number, parent_phone = EXCLUDED.parent_phone, alternative_number = EXCLUDED.alternative_number, class_level = EXCLUDED.class_level, board = EXCLUDED.board, medium = EXCLUDED.medium, package_name = EXCLUDED.package_name, total_hours = EXCLUDED.total_hours, remaining_hours = EXCLUDED.remaining_hours, status = EXCLUDED.status, updated_at = now();
    INSERT INTO public.students (id, academic_coordinator_id, student_name, student_code, contact_number, parent_phone, alternative_number, messaging_number, class_level, board, medium, package_name, total_hours, remaining_hours, status, joined_at, source, created_at, updated_at)
    VALUES ('52000031-0000-4000-8000-00000000001f', 'e2222222-2222-4222-a222-222222222222', 'Anvitha', 'AR0250868', '971525919743', '1509216169', '1503933452', 'contact', '7', 'CBSE', 'ENGLISH', 'Customised', 24, 24, 'active', '2025-12-04', 'WhatsApp ', now(), now())
    ON CONFLICT (student_code) DO UPDATE SET academic_coordinator_id = EXCLUDED.academic_coordinator_id, student_name = EXCLUDED.student_name, contact_number = EXCLUDED.contact_number, parent_phone = EXCLUDED.parent_phone, alternative_number = EXCLUDED.alternative_number, class_level = EXCLUDED.class_level, board = EXCLUDED.board, medium = EXCLUDED.medium, package_name = EXCLUDED.package_name, total_hours = EXCLUDED.total_hours, remaining_hours = EXCLUDED.remaining_hours, status = EXCLUDED.status, updated_at = now();
    INSERT INTO public.students (id, academic_coordinator_id, student_name, student_code, contact_number, parent_phone, alternative_number, messaging_number, class_level, board, medium, package_name, total_hours, remaining_hours, status, joined_at, source, created_at, updated_at)
    VALUES ('52000032-0000-4000-8000-000000000020', 'e2222222-2222-4222-a222-222222222222', 'Ashmita', 'AR0250875', '971525919743', '1509216169', '1503933452', 'contact', '5', 'CBSE', 'ENGLISH', 'Customised', 24, 24, 'active', '2025-12-04', 'WhatsApp ', now(), now())
    ON CONFLICT (student_code) DO UPDATE SET academic_coordinator_id = EXCLUDED.academic_coordinator_id, student_name = EXCLUDED.student_name, contact_number = EXCLUDED.contact_number, parent_phone = EXCLUDED.parent_phone, alternative_number = EXCLUDED.alternative_number, class_level = EXCLUDED.class_level, board = EXCLUDED.board, medium = EXCLUDED.medium, package_name = EXCLUDED.package_name, total_hours = EXCLUDED.total_hours, remaining_hours = EXCLUDED.remaining_hours, status = EXCLUDED.status, updated_at = now();

    -- Processing AC4 --
    IF NOT EXISTS (SELECT 1 FROM auth.users WHERE email = 'edusolve4ac@gmail.com') THEN
        INSERT INTO auth.users (id, instance_id, aud, role, email, encrypted_password, email_confirmed_at, raw_app_meta_data, raw_user_meta_data, created_at, updated_at)
        VALUES ('e4444444-4444-4444-a444-444444444444', '00000000-0000-0000-0000-000000000000', 'authenticated', 'authenticated', 'edusolve4ac@gmail.com', extensions.crypt('AC@Edusolve123', extensions.gen_salt('bf')), now(), '{"provider":"email","providers":["email"]}', '{"role":"academic_coordinator","full_name":"AC4"}', now(), now());
        INSERT INTO auth.identities (id, user_id, identity_data, provider, provider_id, last_sign_in_at, created_at, updated_at)
        VALUES ('e4444444-4444-4444-a444-444444444444', 'e4444444-4444-4444-a444-444444444444', format('{"sub":"%s","email":"%s"}', 'e4444444-4444-4444-a444-444444444444', 'edusolve4ac@gmail.com')::jsonb, 'email', 'e4444444-4444-4444-a444-444444444444', now(), now(), now());
        INSERT INTO public.users (id, full_name, email) VALUES ('e4444444-4444-4444-a444-444444444444', 'AC4', 'edusolve4ac@gmail.com');
        INSERT INTO public.user_roles (user_id, role_id) VALUES ('e4444444-4444-4444-a444-444444444444', ac_role_id);
    END IF;
    INSERT INTO public.students (id, academic_coordinator_id, student_name, student_code, contact_number, parent_phone, alternative_number, messaging_number, class_level, board, medium, package_name, total_hours, remaining_hours, status, joined_at, source, created_at, updated_at)
    VALUES ('54000000-0000-4000-8000-000000000000', 'e4444444-4444-4444-a444-444444444444', 'Rahma baig', 'AR0250881', '971509707503', NULL, NULL, 'contact', '7', 'CBSE', 'English', 'Customised', 20, 20, 'active', '1925-05-12', 'Whatsap', now(), now())
    ON CONFLICT (student_code) DO UPDATE SET academic_coordinator_id = EXCLUDED.academic_coordinator_id, student_name = EXCLUDED.student_name, contact_number = EXCLUDED.contact_number, parent_phone = EXCLUDED.parent_phone, alternative_number = EXCLUDED.alternative_number, class_level = EXCLUDED.class_level, board = EXCLUDED.board, medium = EXCLUDED.medium, package_name = EXCLUDED.package_name, total_hours = EXCLUDED.total_hours, remaining_hours = EXCLUDED.remaining_hours, status = EXCLUDED.status, updated_at = now();
    INSERT INTO public.students (id, academic_coordinator_id, student_name, student_code, contact_number, parent_phone, alternative_number, messaging_number, class_level, board, medium, package_name, total_hours, remaining_hours, status, joined_at, source, created_at, updated_at)
    VALUES ('54000001-0000-4000-8000-000000000001', 'e4444444-4444-4444-a444-444444444444', 'Sidharth Sreekumar', 'AR0250923', '971522894311', NULL, NULL, 'contact', '8', 'British curriculum', 'English', '3 months', 20, 20, 'active', '2025-08-05', 'Whatsap', now(), now())
    ON CONFLICT (student_code) DO UPDATE SET academic_coordinator_id = EXCLUDED.academic_coordinator_id, student_name = EXCLUDED.student_name, contact_number = EXCLUDED.contact_number, parent_phone = EXCLUDED.parent_phone, alternative_number = EXCLUDED.alternative_number, class_level = EXCLUDED.class_level, board = EXCLUDED.board, medium = EXCLUDED.medium, package_name = EXCLUDED.package_name, total_hours = EXCLUDED.total_hours, remaining_hours = EXCLUDED.remaining_hours, status = EXCLUDED.status, updated_at = now();
    INSERT INTO public.students (id, academic_coordinator_id, student_name, student_code, contact_number, parent_phone, alternative_number, messaging_number, class_level, board, medium, package_name, total_hours, remaining_hours, status, joined_at, source, created_at, updated_at)
    VALUES ('54000002-0000-4000-8000-000000000002', 'e4444444-4444-4444-a444-444444444444', 'Angela', 'AG0240472', '971543402208', '569973007', '48866032', 'contact', '6', 'CBSE', 'English', '6 months', 20, 20, 'active', '1925-01-30', 'Whatsap', now(), now())
    ON CONFLICT (student_code) DO UPDATE SET academic_coordinator_id = EXCLUDED.academic_coordinator_id, student_name = EXCLUDED.student_name, contact_number = EXCLUDED.contact_number, parent_phone = EXCLUDED.parent_phone, alternative_number = EXCLUDED.alternative_number, class_level = EXCLUDED.class_level, board = EXCLUDED.board, medium = EXCLUDED.medium, package_name = EXCLUDED.package_name, total_hours = EXCLUDED.total_hours, remaining_hours = EXCLUDED.remaining_hours, status = EXCLUDED.status, updated_at = now();
    INSERT INTO public.students (id, academic_coordinator_id, student_name, student_code, contact_number, parent_phone, alternative_number, messaging_number, class_level, board, medium, package_name, total_hours, remaining_hours, status, joined_at, source, created_at, updated_at)
    VALUES ('54000003-0000-4000-8000-000000000003', 'e4444444-4444-4444-a444-444444444444', 'Saijhanvi', 'NV0240596', '917907716715', NULL, NULL, 'contact', 'KG', 'CBSE', 'English', '1 month', 20, 20, 'active', '1925-04-18', 'Whatsap', now(), now())
    ON CONFLICT (student_code) DO UPDATE SET academic_coordinator_id = EXCLUDED.academic_coordinator_id, student_name = EXCLUDED.student_name, contact_number = EXCLUDED.contact_number, parent_phone = EXCLUDED.parent_phone, alternative_number = EXCLUDED.alternative_number, class_level = EXCLUDED.class_level, board = EXCLUDED.board, medium = EXCLUDED.medium, package_name = EXCLUDED.package_name, total_hours = EXCLUDED.total_hours, remaining_hours = EXCLUDED.remaining_hours, status = EXCLUDED.status, updated_at = now();
    INSERT INTO public.students (id, academic_coordinator_id, student_name, student_code, contact_number, parent_phone, alternative_number, messaging_number, class_level, board, medium, package_name, total_hours, remaining_hours, status, joined_at, source, created_at, updated_at)
    VALUES ('54000004-0000-4000-8000-000000000004', 'e4444444-4444-4444-a444-444444444444', 'Advaith Shanoy', 'AG0240471', '971505747795', NULL, '555406510', 'contact', '8', 'CBSE', 'English', '1 month', 20, 20, 'active', '2025-01-04', 'Whatsap', now(), now())
    ON CONFLICT (student_code) DO UPDATE SET academic_coordinator_id = EXCLUDED.academic_coordinator_id, student_name = EXCLUDED.student_name, contact_number = EXCLUDED.contact_number, parent_phone = EXCLUDED.parent_phone, alternative_number = EXCLUDED.alternative_number, class_level = EXCLUDED.class_level, board = EXCLUDED.board, medium = EXCLUDED.medium, package_name = EXCLUDED.package_name, total_hours = EXCLUDED.total_hours, remaining_hours = EXCLUDED.remaining_hours, status = EXCLUDED.status, updated_at = now();
    INSERT INTO public.students (id, academic_coordinator_id, student_name, student_code, contact_number, parent_phone, alternative_number, messaging_number, class_level, board, medium, package_name, total_hours, remaining_hours, status, joined_at, source, created_at, updated_at)
    VALUES ('54000005-0000-4000-8000-000000000005', 'e4444444-4444-4444-a444-444444444444', 'Aman jigi  mathew', 'MR0250826', '97150 764 8423‬', '505106339', '507485025', 'contact', '10', 'CBSE', 'English', '3 months', 20, 20, 'active', '1925-03-23', 'Whatsap', now(), now())
    ON CONFLICT (student_code) DO UPDATE SET academic_coordinator_id = EXCLUDED.academic_coordinator_id, student_name = EXCLUDED.student_name, contact_number = EXCLUDED.contact_number, parent_phone = EXCLUDED.parent_phone, alternative_number = EXCLUDED.alternative_number, class_level = EXCLUDED.class_level, board = EXCLUDED.board, medium = EXCLUDED.medium, package_name = EXCLUDED.package_name, total_hours = EXCLUDED.total_hours, remaining_hours = EXCLUDED.remaining_hours, status = EXCLUDED.status, updated_at = now();
    INSERT INTO public.students (id, academic_coordinator_id, student_name, student_code, contact_number, parent_phone, alternative_number, messaging_number, class_level, board, medium, package_name, total_hours, remaining_hours, status, joined_at, source, created_at, updated_at)
    VALUES ('54000006-0000-4000-8000-000000000006', 'e4444444-4444-4444-a444-444444444444', 'Bhavya Rajeev', 'JU02501003', '971502674939', NULL, ' 50 496 9455‬', 'contact', '8', 'CBSE', 'English', 'Customised', 20, 20, 'active', '2025-12-06', 'Whatsap', now(), now())
    ON CONFLICT (student_code) DO UPDATE SET academic_coordinator_id = EXCLUDED.academic_coordinator_id, student_name = EXCLUDED.student_name, contact_number = EXCLUDED.contact_number, parent_phone = EXCLUDED.parent_phone, alternative_number = EXCLUDED.alternative_number, class_level = EXCLUDED.class_level, board = EXCLUDED.board, medium = EXCLUDED.medium, package_name = EXCLUDED.package_name, total_hours = EXCLUDED.total_hours, remaining_hours = EXCLUDED.remaining_hours, status = EXCLUDED.status, updated_at = now();
    INSERT INTO public.students (id, academic_coordinator_id, student_name, student_code, contact_number, parent_phone, alternative_number, messaging_number, class_level, board, medium, package_name, total_hours, remaining_hours, status, joined_at, source, created_at, updated_at)
    VALUES ('54000007-0000-4000-8000-000000000007', 'e4444444-4444-4444-a444-444444444444', 'Azzah', 'JU02501005', '971551381466', NULL, NULL, 'contact', '5', 'CBSE', 'Mixed', 'Customised', 20, 20, 'active', '1925-06-13', 'Whatsap', now(), now())
    ON CONFLICT (student_code) DO UPDATE SET academic_coordinator_id = EXCLUDED.academic_coordinator_id, student_name = EXCLUDED.student_name, contact_number = EXCLUDED.contact_number, parent_phone = EXCLUDED.parent_phone, alternative_number = EXCLUDED.alternative_number, class_level = EXCLUDED.class_level, board = EXCLUDED.board, medium = EXCLUDED.medium, package_name = EXCLUDED.package_name, total_hours = EXCLUDED.total_hours, remaining_hours = EXCLUDED.remaining_hours, status = EXCLUDED.status, updated_at = now();
    INSERT INTO public.students (id, academic_coordinator_id, student_name, student_code, contact_number, parent_phone, alternative_number, messaging_number, class_level, board, medium, package_name, total_hours, remaining_hours, status, joined_at, source, created_at, updated_at)
    VALUES ('54000008-0000-4000-8000-000000000008', 'e4444444-4444-4444-a444-444444444444', 'Abhinav subeesh', 'JU02501004', '918113022681', NULL, NULL, 'contact', '7', 'CBSE', 'Mixed', 'Customised', 20, 20, 'active', '1925-06-13', 'Whatsap', now(), now())
    ON CONFLICT (student_code) DO UPDATE SET academic_coordinator_id = EXCLUDED.academic_coordinator_id, student_name = EXCLUDED.student_name, contact_number = EXCLUDED.contact_number, parent_phone = EXCLUDED.parent_phone, alternative_number = EXCLUDED.alternative_number, class_level = EXCLUDED.class_level, board = EXCLUDED.board, medium = EXCLUDED.medium, package_name = EXCLUDED.package_name, total_hours = EXCLUDED.total_hours, remaining_hours = EXCLUDED.remaining_hours, status = EXCLUDED.status, updated_at = now();
    INSERT INTO public.students (id, academic_coordinator_id, student_name, student_code, contact_number, parent_phone, alternative_number, messaging_number, class_level, board, medium, package_name, total_hours, remaining_hours, status, joined_at, source, created_at, updated_at)
    VALUES ('54000009-0000-4000-8000-000000000009', 'e4444444-4444-4444-a444-444444444444', 'Sidharth k arun', 'JN0250667', '918089551679', NULL, NULL, 'contact', '5', 'CBSE', 'Mixed', 'Customised', 20, 20, 'active', '1925-03-20', 'Whatsap', now(), now())
    ON CONFLICT (student_code) DO UPDATE SET academic_coordinator_id = EXCLUDED.academic_coordinator_id, student_name = EXCLUDED.student_name, contact_number = EXCLUDED.contact_number, parent_phone = EXCLUDED.parent_phone, alternative_number = EXCLUDED.alternative_number, class_level = EXCLUDED.class_level, board = EXCLUDED.board, medium = EXCLUDED.medium, package_name = EXCLUDED.package_name, total_hours = EXCLUDED.total_hours, remaining_hours = EXCLUDED.remaining_hours, status = EXCLUDED.status, updated_at = now();
    INSERT INTO public.students (id, academic_coordinator_id, student_name, student_code, contact_number, parent_phone, alternative_number, messaging_number, class_level, board, medium, package_name, total_hours, remaining_hours, status, joined_at, source, created_at, updated_at)
    VALUES ('54000010-0000-4000-8000-00000000000a', 'e4444444-4444-4444-a444-444444444444', 'Aaliya fathima', 'AG0240435', '919744645189', NULL, NULL, 'contact', '5', 'CBSE', 'Mixed', '3 months', 20, 20, 'active', '1925-05-28', 'Whatsap', now(), now())
    ON CONFLICT (student_code) DO UPDATE SET academic_coordinator_id = EXCLUDED.academic_coordinator_id, student_name = EXCLUDED.student_name, contact_number = EXCLUDED.contact_number, parent_phone = EXCLUDED.parent_phone, alternative_number = EXCLUDED.alternative_number, class_level = EXCLUDED.class_level, board = EXCLUDED.board, medium = EXCLUDED.medium, package_name = EXCLUDED.package_name, total_hours = EXCLUDED.total_hours, remaining_hours = EXCLUDED.remaining_hours, status = EXCLUDED.status, updated_at = now();
    INSERT INTO public.students (id, academic_coordinator_id, student_name, student_code, contact_number, parent_phone, alternative_number, messaging_number, class_level, board, medium, package_name, total_hours, remaining_hours, status, joined_at, source, created_at, updated_at)
    VALUES ('54000011-0000-4000-8000-00000000000b', 'e4444444-4444-4444-a444-444444444444', 'Diyaan jamsheer', 'AR0250855', '971971501075690', NULL, NULL, 'contact', '10', 'CBSE', 'Mixed', '1 month', 20, 20, 'active', '2025-09-04', 'Whatsap', now(), now())
    ON CONFLICT (student_code) DO UPDATE SET academic_coordinator_id = EXCLUDED.academic_coordinator_id, student_name = EXCLUDED.student_name, contact_number = EXCLUDED.contact_number, parent_phone = EXCLUDED.parent_phone, alternative_number = EXCLUDED.alternative_number, class_level = EXCLUDED.class_level, board = EXCLUDED.board, medium = EXCLUDED.medium, package_name = EXCLUDED.package_name, total_hours = EXCLUDED.total_hours, remaining_hours = EXCLUDED.remaining_hours, status = EXCLUDED.status, updated_at = now();
    INSERT INTO public.students (id, academic_coordinator_id, student_name, student_code, contact_number, parent_phone, alternative_number, messaging_number, class_level, board, medium, package_name, total_hours, remaining_hours, status, joined_at, source, created_at, updated_at)
    VALUES ('54000012-0000-4000-8000-00000000000c', 'e4444444-4444-4444-a444-444444444444', 'NIYA Maria', 'AU02501106', '96560353275', NULL, NULL, 'contact', '4', 'CBSE', 'Mixed', '1 month', 20, 20, 'active', '1925-08-24', 'Whatsap', now(), now())
    ON CONFLICT (student_code) DO UPDATE SET academic_coordinator_id = EXCLUDED.academic_coordinator_id, student_name = EXCLUDED.student_name, contact_number = EXCLUDED.contact_number, parent_phone = EXCLUDED.parent_phone, alternative_number = EXCLUDED.alternative_number, class_level = EXCLUDED.class_level, board = EXCLUDED.board, medium = EXCLUDED.medium, package_name = EXCLUDED.package_name, total_hours = EXCLUDED.total_hours, remaining_hours = EXCLUDED.remaining_hours, status = EXCLUDED.status, updated_at = now();
    INSERT INTO public.students (id, academic_coordinator_id, student_name, student_code, contact_number, parent_phone, alternative_number, messaging_number, class_level, board, medium, package_name, total_hours, remaining_hours, status, joined_at, source, created_at, updated_at)
    VALUES ('54000013-0000-4000-8000-00000000000d', 'e4444444-4444-4444-a444-444444444444', 'Anowshka', 'FB0250736', '91‪6238 335 989‬', NULL, NULL, 'contact', '10', 'STATE', 'Mixed', 'Customised', 20, 20, 'active', '1925-03-13', 'Whatsap', now(), now())
    ON CONFLICT (student_code) DO UPDATE SET academic_coordinator_id = EXCLUDED.academic_coordinator_id, student_name = EXCLUDED.student_name, contact_number = EXCLUDED.contact_number, parent_phone = EXCLUDED.parent_phone, alternative_number = EXCLUDED.alternative_number, class_level = EXCLUDED.class_level, board = EXCLUDED.board, medium = EXCLUDED.medium, package_name = EXCLUDED.package_name, total_hours = EXCLUDED.total_hours, remaining_hours = EXCLUDED.remaining_hours, status = EXCLUDED.status, updated_at = now();
    INSERT INTO public.students (id, academic_coordinator_id, student_name, student_code, contact_number, parent_phone, alternative_number, messaging_number, class_level, board, medium, package_name, total_hours, remaining_hours, status, joined_at, source, created_at, updated_at)
    VALUES ('54000014-0000-4000-8000-00000000000e', 'e4444444-4444-4444-a444-444444444444', 'Ainah Binoy', 'AR0250858', '918891546264', '1(250)879-2318', '1(250)891-6264', 'contact', '3', 'CBSE', 'English', 'Customised', 20, 20, 'active', '1925-05-20', 'Whatsap', now(), now())
    ON CONFLICT (student_code) DO UPDATE SET academic_coordinator_id = EXCLUDED.academic_coordinator_id, student_name = EXCLUDED.student_name, contact_number = EXCLUDED.contact_number, parent_phone = EXCLUDED.parent_phone, alternative_number = EXCLUDED.alternative_number, class_level = EXCLUDED.class_level, board = EXCLUDED.board, medium = EXCLUDED.medium, package_name = EXCLUDED.package_name, total_hours = EXCLUDED.total_hours, remaining_hours = EXCLUDED.remaining_hours, status = EXCLUDED.status, updated_at = now();
    INSERT INTO public.students (id, academic_coordinator_id, student_name, student_code, contact_number, parent_phone, alternative_number, messaging_number, class_level, board, medium, package_name, total_hours, remaining_hours, status, joined_at, source, created_at, updated_at)
    VALUES ('54000015-0000-4000-8000-00000000000f', 'e4444444-4444-4444-a444-444444444444', 'Ayaan Binoy', 'AR0250846', '1(250)879-5145', '879-2318', '891-6264', 'contact', '8', 'CBSE', 'English', 'Customised', 20, 20, 'active', '1925-05-20', 'Whatsap', now(), now())
    ON CONFLICT (student_code) DO UPDATE SET academic_coordinator_id = EXCLUDED.academic_coordinator_id, student_name = EXCLUDED.student_name, contact_number = EXCLUDED.contact_number, parent_phone = EXCLUDED.parent_phone, alternative_number = EXCLUDED.alternative_number, class_level = EXCLUDED.class_level, board = EXCLUDED.board, medium = EXCLUDED.medium, package_name = EXCLUDED.package_name, total_hours = EXCLUDED.total_hours, remaining_hours = EXCLUDED.remaining_hours, status = EXCLUDED.status, updated_at = now();
    INSERT INTO public.students (id, academic_coordinator_id, student_name, student_code, contact_number, parent_phone, alternative_number, messaging_number, class_level, board, medium, package_name, total_hours, remaining_hours, status, joined_at, source, created_at, updated_at)
    VALUES ('54000016-0000-4000-8000-000000000010', 'e4444444-4444-4444-a444-444444444444', 'Hadriel', 'AR0250869', '971545160980', NULL, NULL, 'contact', '2', 'CBSE', 'English', 'Customised', 20, 20, 'active', '2025-09-04', 'Whatsap', now(), now())
    ON CONFLICT (student_code) DO UPDATE SET academic_coordinator_id = EXCLUDED.academic_coordinator_id, student_name = EXCLUDED.student_name, contact_number = EXCLUDED.contact_number, parent_phone = EXCLUDED.parent_phone, alternative_number = EXCLUDED.alternative_number, class_level = EXCLUDED.class_level, board = EXCLUDED.board, medium = EXCLUDED.medium, package_name = EXCLUDED.package_name, total_hours = EXCLUDED.total_hours, remaining_hours = EXCLUDED.remaining_hours, status = EXCLUDED.status, updated_at = now();
    INSERT INTO public.students (id, academic_coordinator_id, student_name, student_code, contact_number, parent_phone, alternative_number, messaging_number, class_level, board, medium, package_name, total_hours, remaining_hours, status, joined_at, source, created_at, updated_at)
    VALUES ('54000017-0000-4000-8000-000000000011', 'e4444444-4444-4444-a444-444444444444', 'Anandh krishna', 'AR0250913', '919895124397', NULL, NULL, 'contact', '7', 'CBSE', 'Mixed', 'Customised', 20, 20, 'active', '2025-01-06', 'Whatsap', now(), now())
    ON CONFLICT (student_code) DO UPDATE SET academic_coordinator_id = EXCLUDED.academic_coordinator_id, student_name = EXCLUDED.student_name, contact_number = EXCLUDED.contact_number, parent_phone = EXCLUDED.parent_phone, alternative_number = EXCLUDED.alternative_number, class_level = EXCLUDED.class_level, board = EXCLUDED.board, medium = EXCLUDED.medium, package_name = EXCLUDED.package_name, total_hours = EXCLUDED.total_hours, remaining_hours = EXCLUDED.remaining_hours, status = EXCLUDED.status, updated_at = now();
    INSERT INTO public.students (id, academic_coordinator_id, student_name, student_code, contact_number, parent_phone, alternative_number, messaging_number, class_level, board, medium, package_name, total_hours, remaining_hours, status, joined_at, source, created_at, updated_at)
    VALUES ('54000018-0000-4000-8000-000000000012', 'e4444444-4444-4444-a444-444444444444', 'Evan biju joy', 'MR0250828', '917510747720', NULL, NULL, 'contact', '5', 'ICSC', 'English', 'Customised', 20, 20, 'active', '1925-03-24', 'Whatsap', now(), now())
    ON CONFLICT (student_code) DO UPDATE SET academic_coordinator_id = EXCLUDED.academic_coordinator_id, student_name = EXCLUDED.student_name, contact_number = EXCLUDED.contact_number, parent_phone = EXCLUDED.parent_phone, alternative_number = EXCLUDED.alternative_number, class_level = EXCLUDED.class_level, board = EXCLUDED.board, medium = EXCLUDED.medium, package_name = EXCLUDED.package_name, total_hours = EXCLUDED.total_hours, remaining_hours = EXCLUDED.remaining_hours, status = EXCLUDED.status, updated_at = now();
    INSERT INTO public.students (id, academic_coordinator_id, student_name, student_code, contact_number, parent_phone, alternative_number, messaging_number, class_level, board, medium, package_name, total_hours, remaining_hours, status, joined_at, source, created_at, updated_at)
    VALUES ('54000019-0000-4000-8000-000000000013', 'e4444444-4444-4444-a444-444444444444', 'Ayaan', 'AR0250894', '971506801527', NULL, NULL, 'contact', '12', 'CBSE', 'English', 'Customised', 20, 20, 'active', '1925-04-24', 'Whatsap', now(), now())
    ON CONFLICT (student_code) DO UPDATE SET academic_coordinator_id = EXCLUDED.academic_coordinator_id, student_name = EXCLUDED.student_name, contact_number = EXCLUDED.contact_number, parent_phone = EXCLUDED.parent_phone, alternative_number = EXCLUDED.alternative_number, class_level = EXCLUDED.class_level, board = EXCLUDED.board, medium = EXCLUDED.medium, package_name = EXCLUDED.package_name, total_hours = EXCLUDED.total_hours, remaining_hours = EXCLUDED.remaining_hours, status = EXCLUDED.status, updated_at = now();
    INSERT INTO public.students (id, academic_coordinator_id, student_name, student_code, contact_number, parent_phone, alternative_number, messaging_number, class_level, board, medium, package_name, total_hours, remaining_hours, status, joined_at, source, created_at, updated_at)
    VALUES ('54000020-0000-4000-8000-000000000014', 'e4444444-4444-4444-a444-444444444444', 'Alvina mariya sunil', 'AR0250874', '96898010136', NULL, '92247426', 'contact', '10', 'CBSE', 'Mixed', '1 month', 20, 20, 'active', '1925-04-13', 'Whatsap', now(), now())
    ON CONFLICT (student_code) DO UPDATE SET academic_coordinator_id = EXCLUDED.academic_coordinator_id, student_name = EXCLUDED.student_name, contact_number = EXCLUDED.contact_number, parent_phone = EXCLUDED.parent_phone, alternative_number = EXCLUDED.alternative_number, class_level = EXCLUDED.class_level, board = EXCLUDED.board, medium = EXCLUDED.medium, package_name = EXCLUDED.package_name, total_hours = EXCLUDED.total_hours, remaining_hours = EXCLUDED.remaining_hours, status = EXCLUDED.status, updated_at = now();
    INSERT INTO public.students (id, academic_coordinator_id, student_name, student_code, contact_number, parent_phone, alternative_number, messaging_number, class_level, board, medium, package_name, total_hours, remaining_hours, status, joined_at, source, created_at, updated_at)
    VALUES ('54000021-0000-4000-8000-000000000015', 'e4444444-4444-4444-a444-444444444444', 'Mishelle rachel jerin', 'MR02601430', '971509959163', NULL, NULL, 'contact', '5', 'CBSE', 'English', '1 month', 20, 20, 'active', '2026-12-03', 'Whatsap', now(), now())
    ON CONFLICT (student_code) DO UPDATE SET academic_coordinator_id = EXCLUDED.academic_coordinator_id, student_name = EXCLUDED.student_name, contact_number = EXCLUDED.contact_number, parent_phone = EXCLUDED.parent_phone, alternative_number = EXCLUDED.alternative_number, class_level = EXCLUDED.class_level, board = EXCLUDED.board, medium = EXCLUDED.medium, package_name = EXCLUDED.package_name, total_hours = EXCLUDED.total_hours, remaining_hours = EXCLUDED.remaining_hours, status = EXCLUDED.status, updated_at = now();
    INSERT INTO public.students (id, academic_coordinator_id, student_name, student_code, contact_number, parent_phone, alternative_number, messaging_number, class_level, board, medium, package_name, total_hours, remaining_hours, status, joined_at, source, created_at, updated_at)
    VALUES ('54000022-0000-4000-8000-000000000016', 'e4444444-4444-4444-a444-444444444444', 'Albi cherian daniel', 'JN02601365', '96899021432', NULL, NULL, 'contact', '10', 'CBSE', 'English', '1 month', 20, 20, 'active', '2026-01-03', 'Whatsap', now(), now())
    ON CONFLICT (student_code) DO UPDATE SET academic_coordinator_id = EXCLUDED.academic_coordinator_id, student_name = EXCLUDED.student_name, contact_number = EXCLUDED.contact_number, parent_phone = EXCLUDED.parent_phone, alternative_number = EXCLUDED.alternative_number, class_level = EXCLUDED.class_level, board = EXCLUDED.board, medium = EXCLUDED.medium, package_name = EXCLUDED.package_name, total_hours = EXCLUDED.total_hours, remaining_hours = EXCLUDED.remaining_hours, status = EXCLUDED.status, updated_at = now();
    INSERT INTO public.students (id, academic_coordinator_id, student_name, student_code, contact_number, parent_phone, alternative_number, messaging_number, class_level, board, medium, package_name, total_hours, remaining_hours, status, joined_at, source, created_at, updated_at)
    VALUES ('54000023-0000-4000-8000-000000000017', 'e4444444-4444-4444-a444-444444444444', 'Aadin', 'JN02601338', '971565827791', '547405347', NULL, 'contact', '10', 'CBSE', 'English', '1 month', 20, 20, 'active', '2026-12-01', 'Whatsap', now(), now())
    ON CONFLICT (student_code) DO UPDATE SET academic_coordinator_id = EXCLUDED.academic_coordinator_id, student_name = EXCLUDED.student_name, contact_number = EXCLUDED.contact_number, parent_phone = EXCLUDED.parent_phone, alternative_number = EXCLUDED.alternative_number, class_level = EXCLUDED.class_level, board = EXCLUDED.board, medium = EXCLUDED.medium, package_name = EXCLUDED.package_name, total_hours = EXCLUDED.total_hours, remaining_hours = EXCLUDED.remaining_hours, status = EXCLUDED.status, updated_at = now();
    INSERT INTO public.students (id, academic_coordinator_id, student_name, student_code, contact_number, parent_phone, alternative_number, messaging_number, class_level, board, medium, package_name, total_hours, remaining_hours, status, joined_at, source, created_at, updated_at)
    VALUES ('54000024-0000-4000-8000-000000000018', 'e4444444-4444-4444-a444-444444444444', 'Tisha', 'OC0240575', '971585753003', NULL, '524093616', 'contact', '4', 'CBSE', 'English', '1 month', 20, 20, 'active', '1925-03-24', 'Whatsap', now(), now())
    ON CONFLICT (student_code) DO UPDATE SET academic_coordinator_id = EXCLUDED.academic_coordinator_id, student_name = EXCLUDED.student_name, contact_number = EXCLUDED.contact_number, parent_phone = EXCLUDED.parent_phone, alternative_number = EXCLUDED.alternative_number, class_level = EXCLUDED.class_level, board = EXCLUDED.board, medium = EXCLUDED.medium, package_name = EXCLUDED.package_name, total_hours = EXCLUDED.total_hours, remaining_hours = EXCLUDED.remaining_hours, status = EXCLUDED.status, updated_at = now();
    INSERT INTO public.students (id, academic_coordinator_id, student_name, student_code, contact_number, parent_phone, alternative_number, messaging_number, class_level, board, medium, package_name, total_hours, remaining_hours, status, joined_at, source, created_at, updated_at)
    VALUES ('54000025-0000-4000-8000-000000000019', 'e4444444-4444-4444-a444-444444444444', 'Jagan', 'JL02501055', '97450770891', NULL, '55389098', 'contact', '5', 'CBSE', 'English', '1 month', 20, 20, 'active', '1925-09-28', 'Whatsap', now(), now())
    ON CONFLICT (student_code) DO UPDATE SET academic_coordinator_id = EXCLUDED.academic_coordinator_id, student_name = EXCLUDED.student_name, contact_number = EXCLUDED.contact_number, parent_phone = EXCLUDED.parent_phone, alternative_number = EXCLUDED.alternative_number, class_level = EXCLUDED.class_level, board = EXCLUDED.board, medium = EXCLUDED.medium, package_name = EXCLUDED.package_name, total_hours = EXCLUDED.total_hours, remaining_hours = EXCLUDED.remaining_hours, status = EXCLUDED.status, updated_at = now();
    INSERT INTO public.students (id, academic_coordinator_id, student_name, student_code, contact_number, parent_phone, alternative_number, messaging_number, class_level, board, medium, package_name, total_hours, remaining_hours, status, joined_at, source, created_at, updated_at)
    VALUES ('54000026-0000-4000-8000-00000000001a', 'e4444444-4444-4444-a444-444444444444', 'Diya', 'JL0250350', '97450770891', NULL, '55389098', 'contact', '2', 'CBSE', 'English', '1 month', 20, 20, 'active', '1925-09-28', 'Whatsap', now(), now())
    ON CONFLICT (student_code) DO UPDATE SET academic_coordinator_id = EXCLUDED.academic_coordinator_id, student_name = EXCLUDED.student_name, contact_number = EXCLUDED.contact_number, parent_phone = EXCLUDED.parent_phone, alternative_number = EXCLUDED.alternative_number, class_level = EXCLUDED.class_level, board = EXCLUDED.board, medium = EXCLUDED.medium, package_name = EXCLUDED.package_name, total_hours = EXCLUDED.total_hours, remaining_hours = EXCLUDED.remaining_hours, status = EXCLUDED.status, updated_at = now();
    INSERT INTO public.students (id, academic_coordinator_id, student_name, student_code, contact_number, parent_phone, alternative_number, messaging_number, class_level, board, medium, package_name, total_hours, remaining_hours, status, joined_at, source, created_at, updated_at)
    VALUES ('54000027-0000-4000-8000-00000000001b', 'e4444444-4444-4444-a444-444444444444', 'Andrin', 'NV02501261', '‪44‪7349 545175‬', '7909958189', NULL, 'contact', '9', 'CBSE', 'English', 'Customised', 20, 20, 'active', '2025-01-11', 'Whatsap', now(), now())
    ON CONFLICT (student_code) DO UPDATE SET academic_coordinator_id = EXCLUDED.academic_coordinator_id, student_name = EXCLUDED.student_name, contact_number = EXCLUDED.contact_number, parent_phone = EXCLUDED.parent_phone, alternative_number = EXCLUDED.alternative_number, class_level = EXCLUDED.class_level, board = EXCLUDED.board, medium = EXCLUDED.medium, package_name = EXCLUDED.package_name, total_hours = EXCLUDED.total_hours, remaining_hours = EXCLUDED.remaining_hours, status = EXCLUDED.status, updated_at = now();
    INSERT INTO public.students (id, academic_coordinator_id, student_name, student_code, contact_number, parent_phone, alternative_number, messaging_number, class_level, board, medium, package_name, total_hours, remaining_hours, status, joined_at, source, created_at, updated_at)
    VALUES ('54000028-0000-4000-8000-00000000001c', 'e4444444-4444-4444-a444-444444444444', 'Anlina', 'AR0240226', '44‪7349 545176‬', '7909958189', NULL, 'contact', '6', 'CBSE', 'English', 'Customised', 20, 20, 'active', '1925-04-27', 'Whatsap', now(), now())
    ON CONFLICT (student_code) DO UPDATE SET academic_coordinator_id = EXCLUDED.academic_coordinator_id, student_name = EXCLUDED.student_name, contact_number = EXCLUDED.contact_number, parent_phone = EXCLUDED.parent_phone, alternative_number = EXCLUDED.alternative_number, class_level = EXCLUDED.class_level, board = EXCLUDED.board, medium = EXCLUDED.medium, package_name = EXCLUDED.package_name, total_hours = EXCLUDED.total_hours, remaining_hours = EXCLUDED.remaining_hours, status = EXCLUDED.status, updated_at = now();
    INSERT INTO public.students (id, academic_coordinator_id, student_name, student_code, contact_number, parent_phone, alternative_number, messaging_number, class_level, board, medium, package_name, total_hours, remaining_hours, status, joined_at, source, created_at, updated_at)
    VALUES ('54000029-0000-4000-8000-00000000001d', 'e4444444-4444-4444-a444-444444444444', 'Aditi', 'DC0240626', '971564516479', NULL, NULL, 'contact', '1', 'CBSE', 'English', '1 month', 20, 20, 'active', '1925-06-25', 'Whatsap', now(), now())
    ON CONFLICT (student_code) DO UPDATE SET academic_coordinator_id = EXCLUDED.academic_coordinator_id, student_name = EXCLUDED.student_name, contact_number = EXCLUDED.contact_number, parent_phone = EXCLUDED.parent_phone, alternative_number = EXCLUDED.alternative_number, class_level = EXCLUDED.class_level, board = EXCLUDED.board, medium = EXCLUDED.medium, package_name = EXCLUDED.package_name, total_hours = EXCLUDED.total_hours, remaining_hours = EXCLUDED.remaining_hours, status = EXCLUDED.status, updated_at = now();
    INSERT INTO public.students (id, academic_coordinator_id, student_name, student_code, contact_number, parent_phone, alternative_number, messaging_number, class_level, board, medium, package_name, total_hours, remaining_hours, status, joined_at, source, created_at, updated_at)
    VALUES ('54000030-0000-4000-8000-00000000001e', 'e4444444-4444-4444-a444-444444444444', 'Tawhid', 'AR0250861', '971561315566', NULL, NULL, 'contact', '10', 'CBSE', 'English', '1 month', 20, 20, 'active', '2025-09-04', 'Whatsap', now(), now())
    ON CONFLICT (student_code) DO UPDATE SET academic_coordinator_id = EXCLUDED.academic_coordinator_id, student_name = EXCLUDED.student_name, contact_number = EXCLUDED.contact_number, parent_phone = EXCLUDED.parent_phone, alternative_number = EXCLUDED.alternative_number, class_level = EXCLUDED.class_level, board = EXCLUDED.board, medium = EXCLUDED.medium, package_name = EXCLUDED.package_name, total_hours = EXCLUDED.total_hours, remaining_hours = EXCLUDED.remaining_hours, status = EXCLUDED.status, updated_at = now();

    -- Processing AC6 --
    IF NOT EXISTS (SELECT 1 FROM auth.users WHERE email = 'edusolve6ac@gmail.com') THEN
        INSERT INTO auth.users (id, instance_id, aud, role, email, encrypted_password, email_confirmed_at, raw_app_meta_data, raw_user_meta_data, created_at, updated_at)
        VALUES ('e6666666-6666-4666-a666-666666666666', '00000000-0000-0000-0000-000000000000', 'authenticated', 'authenticated', 'edusolve6ac@gmail.com', extensions.crypt('AC@Edusolve123', extensions.gen_salt('bf')), now(), '{"provider":"email","providers":["email"]}', '{"role":"academic_coordinator","full_name":"AC6"}', now(), now());
        INSERT INTO auth.identities (id, user_id, identity_data, provider, provider_id, last_sign_in_at, created_at, updated_at)
        VALUES ('e6666666-6666-4666-a666-666666666666', 'e6666666-6666-4666-a666-666666666666', format('{"sub":"%s","email":"%s"}', 'e6666666-6666-4666-a666-666666666666', 'edusolve6ac@gmail.com')::jsonb, 'email', 'e6666666-6666-4666-a666-666666666666', now(), now(), now());
        INSERT INTO public.users (id, full_name, email) VALUES ('e6666666-6666-4666-a666-666666666666', 'AC6', 'edusolve6ac@gmail.com');
        INSERT INTO public.user_roles (user_id, role_id) VALUES ('e6666666-6666-4666-a666-666666666666', ac_role_id);
    END IF;
    INSERT INTO public.students (id, academic_coordinator_id, student_name, student_code, contact_number, parent_phone, alternative_number, messaging_number, class_level, board, medium, package_name, total_hours, remaining_hours, status, joined_at, source, created_at, updated_at)
    VALUES ('56000000-0000-4000-8000-000000000000', 'e6666666-6666-4666-a666-666666666666', 'Janaky Anoop', 'AG0240479', '971521358001', NULL, '9846609427', 'contact', '2', 'CBSE', 'English', 'monthly', 20, 20, 'active', '2024-09-03', 'WhatsApp', now(), now())
    ON CONFLICT (student_code) DO UPDATE SET academic_coordinator_id = EXCLUDED.academic_coordinator_id, student_name = EXCLUDED.student_name, contact_number = EXCLUDED.contact_number, parent_phone = EXCLUDED.parent_phone, alternative_number = EXCLUDED.alternative_number, class_level = EXCLUDED.class_level, board = EXCLUDED.board, medium = EXCLUDED.medium, package_name = EXCLUDED.package_name, total_hours = EXCLUDED.total_hours, remaining_hours = EXCLUDED.remaining_hours, status = EXCLUDED.status, updated_at = now();
    INSERT INTO public.students (id, academic_coordinator_id, student_name, student_code, contact_number, parent_phone, alternative_number, messaging_number, class_level, board, medium, package_name, total_hours, remaining_hours, status, joined_at, source, created_at, updated_at)
    VALUES ('56000001-0000-4000-8000-000000000001', 'e6666666-6666-4666-a666-666666666666', 'Viswanath', 'AR0240236', '919497829737', NULL, NULL, 'contact', '7', 'CBSE', 'English', '3 month', 63, 63, 'active', '1905-07-16', 'WhatsApp', now(), now())
    ON CONFLICT (student_code) DO UPDATE SET academic_coordinator_id = EXCLUDED.academic_coordinator_id, student_name = EXCLUDED.student_name, contact_number = EXCLUDED.contact_number, parent_phone = EXCLUDED.parent_phone, alternative_number = EXCLUDED.alternative_number, class_level = EXCLUDED.class_level, board = EXCLUDED.board, medium = EXCLUDED.medium, package_name = EXCLUDED.package_name, total_hours = EXCLUDED.total_hours, remaining_hours = EXCLUDED.remaining_hours, status = EXCLUDED.status, updated_at = now();
    INSERT INTO public.students (id, academic_coordinator_id, student_name, student_code, contact_number, parent_phone, alternative_number, messaging_number, class_level, board, medium, package_name, total_hours, remaining_hours, status, joined_at, source, created_at, updated_at)
    VALUES ('56000002-0000-4000-8000-000000000002', 'e6666666-6666-4666-a666-666666666666', 'Joel George', 'JN0250718', '971555439225', NULL, '567687027', 'contact', '7', 'CBSE', 'English', 'monthly', 20, 20, 'active', '2025-02-24', 'WhatsApp', now(), now())
    ON CONFLICT (student_code) DO UPDATE SET academic_coordinator_id = EXCLUDED.academic_coordinator_id, student_name = EXCLUDED.student_name, contact_number = EXCLUDED.contact_number, parent_phone = EXCLUDED.parent_phone, alternative_number = EXCLUDED.alternative_number, class_level = EXCLUDED.class_level, board = EXCLUDED.board, medium = EXCLUDED.medium, package_name = EXCLUDED.package_name, total_hours = EXCLUDED.total_hours, remaining_hours = EXCLUDED.remaining_hours, status = EXCLUDED.status, updated_at = now();
    INSERT INTO public.students (id, academic_coordinator_id, student_name, student_code, contact_number, parent_phone, alternative_number, messaging_number, class_level, board, medium, package_name, total_hours, remaining_hours, status, joined_at, source, created_at, updated_at)
    VALUES ('56000003-0000-4000-8000-000000000003', 'e6666666-6666-4666-a666-666666666666', 'Avani vikas', 'FB02601387', '919867407470', NULL, NULL, 'contact', '8', 'CBSE', 'English', 'monthly', 20, 20, 'active', '2026-03-07', 'WhatsApp', now(), now())
    ON CONFLICT (student_code) DO UPDATE SET academic_coordinator_id = EXCLUDED.academic_coordinator_id, student_name = EXCLUDED.student_name, contact_number = EXCLUDED.contact_number, parent_phone = EXCLUDED.parent_phone, alternative_number = EXCLUDED.alternative_number, class_level = EXCLUDED.class_level, board = EXCLUDED.board, medium = EXCLUDED.medium, package_name = EXCLUDED.package_name, total_hours = EXCLUDED.total_hours, remaining_hours = EXCLUDED.remaining_hours, status = EXCLUDED.status, updated_at = now();
    INSERT INTO public.students (id, academic_coordinator_id, student_name, student_code, contact_number, parent_phone, alternative_number, messaging_number, class_level, board, medium, package_name, total_hours, remaining_hours, status, joined_at, source, created_at, updated_at)
    VALUES ('56000004-0000-4000-8000-000000000004', 'e6666666-6666-4666-a666-666666666666', 'Adidev', 'OC0240545', '919495857287', NULL, NULL, 'contact', '7', 'IGCSE', 'English', 'monthly', 20, 20, 'active', '2025-04-02', 'WhatsApp', now(), now())
    ON CONFLICT (student_code) DO UPDATE SET academic_coordinator_id = EXCLUDED.academic_coordinator_id, student_name = EXCLUDED.student_name, contact_number = EXCLUDED.contact_number, parent_phone = EXCLUDED.parent_phone, alternative_number = EXCLUDED.alternative_number, class_level = EXCLUDED.class_level, board = EXCLUDED.board, medium = EXCLUDED.medium, package_name = EXCLUDED.package_name, total_hours = EXCLUDED.total_hours, remaining_hours = EXCLUDED.remaining_hours, status = EXCLUDED.status, updated_at = now();
    INSERT INTO public.students (id, academic_coordinator_id, student_name, student_code, contact_number, parent_phone, alternative_number, messaging_number, class_level, board, medium, package_name, total_hours, remaining_hours, status, joined_at, source, created_at, updated_at)
    VALUES ('56000005-0000-4000-8000-000000000005', 'e6666666-6666-4666-a666-666666666666', 'Adhidev vinod', 'SP02501151', '966571300326', NULL, NULL, 'contact', '7', 'CBSE', 'English', 'monthly', 20, 20, 'active', '1926-02-17', 'WhatsApp', now(), now())
    ON CONFLICT (student_code) DO UPDATE SET academic_coordinator_id = EXCLUDED.academic_coordinator_id, student_name = EXCLUDED.student_name, contact_number = EXCLUDED.contact_number, parent_phone = EXCLUDED.parent_phone, alternative_number = EXCLUDED.alternative_number, class_level = EXCLUDED.class_level, board = EXCLUDED.board, medium = EXCLUDED.medium, package_name = EXCLUDED.package_name, total_hours = EXCLUDED.total_hours, remaining_hours = EXCLUDED.remaining_hours, status = EXCLUDED.status, updated_at = now();
    INSERT INTO public.students (id, academic_coordinator_id, student_name, student_code, contact_number, parent_phone, alternative_number, messaging_number, class_level, board, medium, package_name, total_hours, remaining_hours, status, joined_at, source, created_at, updated_at)
    VALUES ('56000006-0000-4000-8000-000000000006', 'e6666666-6666-4666-a666-666666666666', 'Aadidev', 'DC02501299', '971508259084', NULL, NULL, 'contact', '9', 'STATE', 'English', 'monthly', 20, 20, 'active', '1926-02-21', 'WhatsApp', now(), now())
    ON CONFLICT (student_code) DO UPDATE SET academic_coordinator_id = EXCLUDED.academic_coordinator_id, student_name = EXCLUDED.student_name, contact_number = EXCLUDED.contact_number, parent_phone = EXCLUDED.parent_phone, alternative_number = EXCLUDED.alternative_number, class_level = EXCLUDED.class_level, board = EXCLUDED.board, medium = EXCLUDED.medium, package_name = EXCLUDED.package_name, total_hours = EXCLUDED.total_hours, remaining_hours = EXCLUDED.remaining_hours, status = EXCLUDED.status, updated_at = now();
    INSERT INTO public.students (id, academic_coordinator_id, student_name, student_code, contact_number, parent_phone, alternative_number, messaging_number, class_level, board, medium, package_name, total_hours, remaining_hours, status, joined_at, source, created_at, updated_at)
    VALUES ('56000007-0000-4000-8000-000000000007', 'e6666666-6666-4666-a666-666666666666', 'Aman', 'MA0250929', '97430840850', NULL, NULL, 'contact', '9', 'CBSE', 'English', 'monthly', 20, 20, 'active', '2025-05-03', 'WhatsApp', now(), now())
    ON CONFLICT (student_code) DO UPDATE SET academic_coordinator_id = EXCLUDED.academic_coordinator_id, student_name = EXCLUDED.student_name, contact_number = EXCLUDED.contact_number, parent_phone = EXCLUDED.parent_phone, alternative_number = EXCLUDED.alternative_number, class_level = EXCLUDED.class_level, board = EXCLUDED.board, medium = EXCLUDED.medium, package_name = EXCLUDED.package_name, total_hours = EXCLUDED.total_hours, remaining_hours = EXCLUDED.remaining_hours, status = EXCLUDED.status, updated_at = now();
    INSERT INTO public.students (id, academic_coordinator_id, student_name, student_code, contact_number, parent_phone, alternative_number, messaging_number, class_level, board, medium, package_name, total_hours, remaining_hours, status, joined_at, source, created_at, updated_at)
    VALUES ('56000008-0000-4000-8000-000000000008', 'e6666666-6666-4666-a666-666666666666', 'Sreelakshmi', 'JL0240385', '919544733816', NULL, NULL, 'contact', '4', 'CBSE', 'English', 'monthly', 20, 20, 'active', '2024-07-13', 'WhatsApp', now(), now())
    ON CONFLICT (student_code) DO UPDATE SET academic_coordinator_id = EXCLUDED.academic_coordinator_id, student_name = EXCLUDED.student_name, contact_number = EXCLUDED.contact_number, parent_phone = EXCLUDED.parent_phone, alternative_number = EXCLUDED.alternative_number, class_level = EXCLUDED.class_level, board = EXCLUDED.board, medium = EXCLUDED.medium, package_name = EXCLUDED.package_name, total_hours = EXCLUDED.total_hours, remaining_hours = EXCLUDED.remaining_hours, status = EXCLUDED.status, updated_at = now();
    INSERT INTO public.students (id, academic_coordinator_id, student_name, student_code, contact_number, parent_phone, alternative_number, messaging_number, class_level, board, medium, package_name, total_hours, remaining_hours, status, joined_at, source, created_at, updated_at)
    VALUES ('56000009-0000-4000-8000-000000000009', 'e6666666-6666-4666-a666-666666666666', 'Sivadurga', 'NV0240587', '919847537536', NULL, NULL, 'contact', '7', 'CBSE', 'English', 'monthly', 20, 20, 'active', '2024-12-02', 'WhatsApp', now(), now())
    ON CONFLICT (student_code) DO UPDATE SET academic_coordinator_id = EXCLUDED.academic_coordinator_id, student_name = EXCLUDED.student_name, contact_number = EXCLUDED.contact_number, parent_phone = EXCLUDED.parent_phone, alternative_number = EXCLUDED.alternative_number, class_level = EXCLUDED.class_level, board = EXCLUDED.board, medium = EXCLUDED.medium, package_name = EXCLUDED.package_name, total_hours = EXCLUDED.total_hours, remaining_hours = EXCLUDED.remaining_hours, status = EXCLUDED.status, updated_at = now();
    INSERT INTO public.students (id, academic_coordinator_id, student_name, student_code, contact_number, parent_phone, alternative_number, messaging_number, class_level, board, medium, package_name, total_hours, remaining_hours, status, joined_at, source, created_at, updated_at)
    VALUES ('56000010-0000-4000-8000-00000000000a', 'e6666666-6666-4666-a666-666666666666', 'Anand krishna', 'JU02501007', '919656951760', NULL, NULL, 'contact', '10', 'STATE', 'English', '3 month', 63, 63, 'active', '2025-06-14', 'WhatsApp', now(), now())
    ON CONFLICT (student_code) DO UPDATE SET academic_coordinator_id = EXCLUDED.academic_coordinator_id, student_name = EXCLUDED.student_name, contact_number = EXCLUDED.contact_number, parent_phone = EXCLUDED.parent_phone, alternative_number = EXCLUDED.alternative_number, class_level = EXCLUDED.class_level, board = EXCLUDED.board, medium = EXCLUDED.medium, package_name = EXCLUDED.package_name, total_hours = EXCLUDED.total_hours, remaining_hours = EXCLUDED.remaining_hours, status = EXCLUDED.status, updated_at = now();
    INSERT INTO public.students (id, academic_coordinator_id, student_name, student_code, contact_number, parent_phone, alternative_number, messaging_number, class_level, board, medium, package_name, total_hours, remaining_hours, status, joined_at, source, created_at, updated_at)
    VALUES ('56000011-0000-4000-8000-00000000000b', 'e6666666-6666-4666-a666-666666666666', 'Rihann mohammed shemeer', 'AR0250905', '96894521348', NULL, NULL, 'contact', '8', 'CBSE', 'English', 'monthly', 20, 20, 'active', '1925-04-26', 'WhatsApp', now(), now())
    ON CONFLICT (student_code) DO UPDATE SET academic_coordinator_id = EXCLUDED.academic_coordinator_id, student_name = EXCLUDED.student_name, contact_number = EXCLUDED.contact_number, parent_phone = EXCLUDED.parent_phone, alternative_number = EXCLUDED.alternative_number, class_level = EXCLUDED.class_level, board = EXCLUDED.board, medium = EXCLUDED.medium, package_name = EXCLUDED.package_name, total_hours = EXCLUDED.total_hours, remaining_hours = EXCLUDED.remaining_hours, status = EXCLUDED.status, updated_at = now();
    INSERT INTO public.students (id, academic_coordinator_id, student_name, student_code, contact_number, parent_phone, alternative_number, messaging_number, class_level, board, medium, package_name, total_hours, remaining_hours, status, joined_at, source, created_at, updated_at)
    VALUES ('56000012-0000-4000-8000-00000000000c', 'e6666666-6666-4666-a666-666666666666', 'Mariam shemeer', 'AR0250906', '96894521348', NULL, NULL, 'contact', '6', 'CBSE', 'English', 'monthly', 20, 20, 'active', '1925-04-26', 'WhatsApp', now(), now())
    ON CONFLICT (student_code) DO UPDATE SET academic_coordinator_id = EXCLUDED.academic_coordinator_id, student_name = EXCLUDED.student_name, contact_number = EXCLUDED.contact_number, parent_phone = EXCLUDED.parent_phone, alternative_number = EXCLUDED.alternative_number, class_level = EXCLUDED.class_level, board = EXCLUDED.board, medium = EXCLUDED.medium, package_name = EXCLUDED.package_name, total_hours = EXCLUDED.total_hours, remaining_hours = EXCLUDED.remaining_hours, status = EXCLUDED.status, updated_at = now();
    INSERT INTO public.students (id, academic_coordinator_id, student_name, student_code, contact_number, parent_phone, alternative_number, messaging_number, class_level, board, medium, package_name, total_hours, remaining_hours, status, joined_at, source, created_at, updated_at)
    VALUES ('56000013-0000-4000-8000-00000000000d', 'e6666666-6666-4666-a666-666666666666', 'Jerome jose Sunil', 'FB02601406', '966536319578', NULL, NULL, 'contact', '7', 'IB', 'English', 'customized', 4, 4, 'active', '1926-02-17', 'WhatsApp', now(), now())
    ON CONFLICT (student_code) DO UPDATE SET academic_coordinator_id = EXCLUDED.academic_coordinator_id, student_name = EXCLUDED.student_name, contact_number = EXCLUDED.contact_number, parent_phone = EXCLUDED.parent_phone, alternative_number = EXCLUDED.alternative_number, class_level = EXCLUDED.class_level, board = EXCLUDED.board, medium = EXCLUDED.medium, package_name = EXCLUDED.package_name, total_hours = EXCLUDED.total_hours, remaining_hours = EXCLUDED.remaining_hours, status = EXCLUDED.status, updated_at = now();
    INSERT INTO public.students (id, academic_coordinator_id, student_name, student_code, contact_number, parent_phone, alternative_number, messaging_number, class_level, board, medium, package_name, total_hours, remaining_hours, status, joined_at, source, created_at, updated_at)
    VALUES ('56000014-0000-4000-8000-00000000000e', 'e6666666-6666-4666-a666-666666666666', 'Johan  Kurian Titus', 'JL02501032', '96599030929', NULL, NULL, 'contact', '7', 'CBSE', 'English', 'customized', 8, 8, 'active', '2025-07-13', 'WhatsApp', now(), now())
    ON CONFLICT (student_code) DO UPDATE SET academic_coordinator_id = EXCLUDED.academic_coordinator_id, student_name = EXCLUDED.student_name, contact_number = EXCLUDED.contact_number, parent_phone = EXCLUDED.parent_phone, alternative_number = EXCLUDED.alternative_number, class_level = EXCLUDED.class_level, board = EXCLUDED.board, medium = EXCLUDED.medium, package_name = EXCLUDED.package_name, total_hours = EXCLUDED.total_hours, remaining_hours = EXCLUDED.remaining_hours, status = EXCLUDED.status, updated_at = now();
    INSERT INTO public.students (id, academic_coordinator_id, student_name, student_code, contact_number, parent_phone, alternative_number, messaging_number, class_level, board, medium, package_name, total_hours, remaining_hours, status, joined_at, source, created_at, updated_at)
    VALUES ('56000015-0000-4000-8000-00000000000f', 'e6666666-6666-4666-a666-666666666666', 'Janet jeril', 'JL02501042', '919446550432', NULL, '8089770432', 'contact', '7', 'ICSE', 'English', 'monthly', 20, 20, 'active', '2025-07-20', 'WhatsApp', now(), now())
    ON CONFLICT (student_code) DO UPDATE SET academic_coordinator_id = EXCLUDED.academic_coordinator_id, student_name = EXCLUDED.student_name, contact_number = EXCLUDED.contact_number, parent_phone = EXCLUDED.parent_phone, alternative_number = EXCLUDED.alternative_number, class_level = EXCLUDED.class_level, board = EXCLUDED.board, medium = EXCLUDED.medium, package_name = EXCLUDED.package_name, total_hours = EXCLUDED.total_hours, remaining_hours = EXCLUDED.remaining_hours, status = EXCLUDED.status, updated_at = now();
    INSERT INTO public.students (id, academic_coordinator_id, student_name, student_code, contact_number, parent_phone, alternative_number, messaging_number, class_level, board, medium, package_name, total_hours, remaining_hours, status, joined_at, source, created_at, updated_at)
    VALUES ('56000016-0000-4000-8000-000000000010', 'e6666666-6666-4666-a666-666666666666', 'Haima', 'AU02501080', '918304870976', NULL, NULL, 'contact', 'kg', 'CBSE', 'English', 'customized', 48, 48, 'active', '2026-02-25', 'WhatsApp', now(), now())
    ON CONFLICT (student_code) DO UPDATE SET academic_coordinator_id = EXCLUDED.academic_coordinator_id, student_name = EXCLUDED.student_name, contact_number = EXCLUDED.contact_number, parent_phone = EXCLUDED.parent_phone, alternative_number = EXCLUDED.alternative_number, class_level = EXCLUDED.class_level, board = EXCLUDED.board, medium = EXCLUDED.medium, package_name = EXCLUDED.package_name, total_hours = EXCLUDED.total_hours, remaining_hours = EXCLUDED.remaining_hours, status = EXCLUDED.status, updated_at = now();
    INSERT INTO public.students (id, academic_coordinator_id, student_name, student_code, contact_number, parent_phone, alternative_number, messaging_number, class_level, board, medium, package_name, total_hours, remaining_hours, status, joined_at, source, created_at, updated_at)
    VALUES ('56000017-0000-4000-8000-000000000011', 'e6666666-6666-4666-a666-666666666666', 'Dua mehar', 'AU02501120', '919895726611', NULL, NULL, 'contact', '9', 'ICSE', 'English', 'customized', 8, 8, 'active', '1925-08-30', 'WhatsApp', now(), now())
    ON CONFLICT (student_code) DO UPDATE SET academic_coordinator_id = EXCLUDED.academic_coordinator_id, student_name = EXCLUDED.student_name, contact_number = EXCLUDED.contact_number, parent_phone = EXCLUDED.parent_phone, alternative_number = EXCLUDED.alternative_number, class_level = EXCLUDED.class_level, board = EXCLUDED.board, medium = EXCLUDED.medium, package_name = EXCLUDED.package_name, total_hours = EXCLUDED.total_hours, remaining_hours = EXCLUDED.remaining_hours, status = EXCLUDED.status, updated_at = now();
    INSERT INTO public.students (id, academic_coordinator_id, student_name, student_code, contact_number, parent_phone, alternative_number, messaging_number, class_level, board, medium, package_name, total_hours, remaining_hours, status, joined_at, source, created_at, updated_at)
    VALUES ('56000018-0000-4000-8000-000000000012', 'e6666666-6666-4666-a666-666666666666', 'Helena', 'MR0250818', '971565747571', NULL, '562467472', 'contact', '6', 'CBSE', 'English', 'monthly', 20, 20, 'active', '2025-07-04', 'WhatsApp', now(), now())
    ON CONFLICT (student_code) DO UPDATE SET academic_coordinator_id = EXCLUDED.academic_coordinator_id, student_name = EXCLUDED.student_name, contact_number = EXCLUDED.contact_number, parent_phone = EXCLUDED.parent_phone, alternative_number = EXCLUDED.alternative_number, class_level = EXCLUDED.class_level, board = EXCLUDED.board, medium = EXCLUDED.medium, package_name = EXCLUDED.package_name, total_hours = EXCLUDED.total_hours, remaining_hours = EXCLUDED.remaining_hours, status = EXCLUDED.status, updated_at = now();
    INSERT INTO public.students (id, academic_coordinator_id, student_name, student_code, contact_number, parent_phone, alternative_number, messaging_number, class_level, board, medium, package_name, total_hours, remaining_hours, status, joined_at, source, created_at, updated_at)
    VALUES ('56000019-0000-4000-8000-000000000013', 'e6666666-6666-4666-a666-666666666666', 'Abey M B', 'SP02501185', '918138075382', NULL, NULL, 'contact', '7', 'STATE', 'English', 'monthly', 20, 20, 'active', '2025-10-01', 'WhatsApp', now(), now())
    ON CONFLICT (student_code) DO UPDATE SET academic_coordinator_id = EXCLUDED.academic_coordinator_id, student_name = EXCLUDED.student_name, contact_number = EXCLUDED.contact_number, parent_phone = EXCLUDED.parent_phone, alternative_number = EXCLUDED.alternative_number, class_level = EXCLUDED.class_level, board = EXCLUDED.board, medium = EXCLUDED.medium, package_name = EXCLUDED.package_name, total_hours = EXCLUDED.total_hours, remaining_hours = EXCLUDED.remaining_hours, status = EXCLUDED.status, updated_at = now();
    INSERT INTO public.students (id, academic_coordinator_id, student_name, student_code, contact_number, parent_phone, alternative_number, messaging_number, class_level, board, medium, package_name, total_hours, remaining_hours, status, joined_at, source, created_at, updated_at)
    VALUES ('56000020-0000-4000-8000-000000000014', 'e6666666-6666-4666-a666-666666666666', 'Evana negil', 'AU02501123', '971567428386', NULL, NULL, 'contact', '6', 'CBSE', 'English', 'monthly', 20, 20, 'active', '2025-06-09', 'WhatsApp', now(), now())
    ON CONFLICT (student_code) DO UPDATE SET academic_coordinator_id = EXCLUDED.academic_coordinator_id, student_name = EXCLUDED.student_name, contact_number = EXCLUDED.contact_number, parent_phone = EXCLUDED.parent_phone, alternative_number = EXCLUDED.alternative_number, class_level = EXCLUDED.class_level, board = EXCLUDED.board, medium = EXCLUDED.medium, package_name = EXCLUDED.package_name, total_hours = EXCLUDED.total_hours, remaining_hours = EXCLUDED.remaining_hours, status = EXCLUDED.status, updated_at = now();
    INSERT INTO public.students (id, academic_coordinator_id, student_name, student_code, contact_number, parent_phone, alternative_number, messaging_number, class_level, board, medium, package_name, total_hours, remaining_hours, status, joined_at, source, created_at, updated_at)
    VALUES ('56000021-0000-4000-8000-000000000015', 'e6666666-6666-4666-a666-666666666666', 'Zoha Fathima', 'AR0250878', '97430002197', NULL, '30074428', 'contact', '7', 'CBSE', 'English', 'monthly', 20, 20, 'active', '2025-04-19', 'WhatsApp', now(), now())
    ON CONFLICT (student_code) DO UPDATE SET academic_coordinator_id = EXCLUDED.academic_coordinator_id, student_name = EXCLUDED.student_name, contact_number = EXCLUDED.contact_number, parent_phone = EXCLUDED.parent_phone, alternative_number = EXCLUDED.alternative_number, class_level = EXCLUDED.class_level, board = EXCLUDED.board, medium = EXCLUDED.medium, package_name = EXCLUDED.package_name, total_hours = EXCLUDED.total_hours, remaining_hours = EXCLUDED.remaining_hours, status = EXCLUDED.status, updated_at = now();
    INSERT INTO public.students (id, academic_coordinator_id, student_name, student_code, contact_number, parent_phone, alternative_number, messaging_number, class_level, board, medium, package_name, total_hours, remaining_hours, status, joined_at, source, created_at, updated_at)
    VALUES ('56000022-0000-4000-8000-000000000016', 'e6666666-6666-4666-a666-666666666666', 'Ifra fathima', 'AU02501067', '971551272537', NULL, NULL, 'contact', '9', 'CBSE', 'English', 'monthly', 20, 20, 'active', '2025-11-08', 'WhatsApp', now(), now())
    ON CONFLICT (student_code) DO UPDATE SET academic_coordinator_id = EXCLUDED.academic_coordinator_id, student_name = EXCLUDED.student_name, contact_number = EXCLUDED.contact_number, parent_phone = EXCLUDED.parent_phone, alternative_number = EXCLUDED.alternative_number, class_level = EXCLUDED.class_level, board = EXCLUDED.board, medium = EXCLUDED.medium, package_name = EXCLUDED.package_name, total_hours = EXCLUDED.total_hours, remaining_hours = EXCLUDED.remaining_hours, status = EXCLUDED.status, updated_at = now();
    INSERT INTO public.students (id, academic_coordinator_id, student_name, student_code, contact_number, parent_phone, alternative_number, messaging_number, class_level, board, medium, package_name, total_hours, remaining_hours, status, joined_at, source, created_at, updated_at)
    VALUES ('56000023-0000-4000-8000-000000000017', 'e6666666-6666-4666-a666-666666666666', 'Anshwar', 'DC02501293', '97466806020', NULL, NULL, 'contact', '4', 'CBSE', 'English', 'monthly', 20, 20, 'active', '2025-11-08', 'WhatsApp', now(), now())
    ON CONFLICT (student_code) DO UPDATE SET academic_coordinator_id = EXCLUDED.academic_coordinator_id, student_name = EXCLUDED.student_name, contact_number = EXCLUDED.contact_number, parent_phone = EXCLUDED.parent_phone, alternative_number = EXCLUDED.alternative_number, class_level = EXCLUDED.class_level, board = EXCLUDED.board, medium = EXCLUDED.medium, package_name = EXCLUDED.package_name, total_hours = EXCLUDED.total_hours, remaining_hours = EXCLUDED.remaining_hours, status = EXCLUDED.status, updated_at = now();
    INSERT INTO public.students (id, academic_coordinator_id, student_name, student_code, contact_number, parent_phone, alternative_number, messaging_number, class_level, board, medium, package_name, total_hours, remaining_hours, status, joined_at, source, created_at, updated_at)
    VALUES ('56000024-0000-4000-8000-000000000018', 'e6666666-6666-4666-a666-666666666666', 'Devnarayan', 'AR0250883', '971551285516', NULL, NULL, 'contact', '4', 'CBSE', 'English', 'monthly', 20, 20, 'active', '2025-04-16', 'WhatsApp', now(), now())
    ON CONFLICT (student_code) DO UPDATE SET academic_coordinator_id = EXCLUDED.academic_coordinator_id, student_name = EXCLUDED.student_name, contact_number = EXCLUDED.contact_number, parent_phone = EXCLUDED.parent_phone, alternative_number = EXCLUDED.alternative_number, class_level = EXCLUDED.class_level, board = EXCLUDED.board, medium = EXCLUDED.medium, package_name = EXCLUDED.package_name, total_hours = EXCLUDED.total_hours, remaining_hours = EXCLUDED.remaining_hours, status = EXCLUDED.status, updated_at = now();
    INSERT INTO public.students (id, academic_coordinator_id, student_name, student_code, contact_number, parent_phone, alternative_number, messaging_number, class_level, board, medium, package_name, total_hours, remaining_hours, status, joined_at, source, created_at, updated_at)
    VALUES ('56000025-0000-4000-8000-000000000019', 'e6666666-6666-4666-a666-666666666666', 'Johan jiji john', 'SP02501158', '96550986357', NULL, NULL, 'contact', '12', 'CBSE', 'English', '3 month', 63, 63, 'active', '2025-09-18', 'WhatsApp', now(), now())
    ON CONFLICT (student_code) DO UPDATE SET academic_coordinator_id = EXCLUDED.academic_coordinator_id, student_name = EXCLUDED.student_name, contact_number = EXCLUDED.contact_number, parent_phone = EXCLUDED.parent_phone, alternative_number = EXCLUDED.alternative_number, class_level = EXCLUDED.class_level, board = EXCLUDED.board, medium = EXCLUDED.medium, package_name = EXCLUDED.package_name, total_hours = EXCLUDED.total_hours, remaining_hours = EXCLUDED.remaining_hours, status = EXCLUDED.status, updated_at = now();
    INSERT INTO public.students (id, academic_coordinator_id, student_name, student_code, contact_number, parent_phone, alternative_number, messaging_number, class_level, board, medium, package_name, total_hours, remaining_hours, status, joined_at, source, created_at, updated_at)
    VALUES ('56000026-0000-4000-8000-00000000001a', 'e6666666-6666-4666-a666-666666666666', 'Afiya Anas', 'AU02501084', '971526576309', NULL, '589213149', 'contact', '9', 'CBSE', 'English', 'monthly', 20, 20, 'active', '1925-08-15', 'WhatsApp', now(), now())
    ON CONFLICT (student_code) DO UPDATE SET academic_coordinator_id = EXCLUDED.academic_coordinator_id, student_name = EXCLUDED.student_name, contact_number = EXCLUDED.contact_number, parent_phone = EXCLUDED.parent_phone, alternative_number = EXCLUDED.alternative_number, class_level = EXCLUDED.class_level, board = EXCLUDED.board, medium = EXCLUDED.medium, package_name = EXCLUDED.package_name, total_hours = EXCLUDED.total_hours, remaining_hours = EXCLUDED.remaining_hours, status = EXCLUDED.status, updated_at = now();
    INSERT INTO public.students (id, academic_coordinator_id, student_name, student_code, contact_number, parent_phone, alternative_number, messaging_number, class_level, board, medium, package_name, total_hours, remaining_hours, status, joined_at, source, created_at, updated_at)
    VALUES ('56000027-0000-4000-8000-00000000001b', 'e6666666-6666-4666-a666-666666666666', 'Anson Albin', 'DC02501319', '12502999562', NULL, NULL, 'contact', '5', 'CBSE', 'English', 'monthly', 20, 20, 'active', '1925-12-28', 'WhatsApp', now(), now())
    ON CONFLICT (student_code) DO UPDATE SET academic_coordinator_id = EXCLUDED.academic_coordinator_id, student_name = EXCLUDED.student_name, contact_number = EXCLUDED.contact_number, parent_phone = EXCLUDED.parent_phone, alternative_number = EXCLUDED.alternative_number, class_level = EXCLUDED.class_level, board = EXCLUDED.board, medium = EXCLUDED.medium, package_name = EXCLUDED.package_name, total_hours = EXCLUDED.total_hours, remaining_hours = EXCLUDED.remaining_hours, status = EXCLUDED.status, updated_at = now();
    INSERT INTO public.students (id, academic_coordinator_id, student_name, student_code, contact_number, parent_phone, alternative_number, messaging_number, class_level, board, medium, package_name, total_hours, remaining_hours, status, joined_at, source, created_at, updated_at)
    VALUES ('56000028-0000-4000-8000-00000000001c', 'e6666666-6666-4666-a666-666666666666', 'Muhammed Aymen', 'JN02601332', '96550933419', NULL, NULL, 'contact', '9', 'CBSE', 'English', 'monthly', 20, 20, 'active', '2026-01-06', 'WhatsApp', now(), now())
    ON CONFLICT (student_code) DO UPDATE SET academic_coordinator_id = EXCLUDED.academic_coordinator_id, student_name = EXCLUDED.student_name, contact_number = EXCLUDED.contact_number, parent_phone = EXCLUDED.parent_phone, alternative_number = EXCLUDED.alternative_number, class_level = EXCLUDED.class_level, board = EXCLUDED.board, medium = EXCLUDED.medium, package_name = EXCLUDED.package_name, total_hours = EXCLUDED.total_hours, remaining_hours = EXCLUDED.remaining_hours, status = EXCLUDED.status, updated_at = now();
    INSERT INTO public.students (id, academic_coordinator_id, student_name, student_code, contact_number, parent_phone, alternative_number, messaging_number, class_level, board, medium, package_name, total_hours, remaining_hours, status, joined_at, source, created_at, updated_at)
    VALUES ('56000029-0000-4000-8000-00000000001d', 'e6666666-6666-4666-a666-666666666666', 'Ephriya shinse kappen', 'JN02601341', '919745759568', NULL, NULL, 'contact', '7', 'ICSE', 'English', '3 month', 63, 63, 'active', '2026-01-09', 'WhatsApp', now(), now())
    ON CONFLICT (student_code) DO UPDATE SET academic_coordinator_id = EXCLUDED.academic_coordinator_id, student_name = EXCLUDED.student_name, contact_number = EXCLUDED.contact_number, parent_phone = EXCLUDED.parent_phone, alternative_number = EXCLUDED.alternative_number, class_level = EXCLUDED.class_level, board = EXCLUDED.board, medium = EXCLUDED.medium, package_name = EXCLUDED.package_name, total_hours = EXCLUDED.total_hours, remaining_hours = EXCLUDED.remaining_hours, status = EXCLUDED.status, updated_at = now();
    INSERT INTO public.students (id, academic_coordinator_id, student_name, student_code, contact_number, parent_phone, alternative_number, messaging_number, class_level, board, medium, package_name, total_hours, remaining_hours, status, joined_at, source, created_at, updated_at)
    VALUES ('56000030-0000-4000-8000-00000000001e', 'e6666666-6666-4666-a666-666666666666', 'Aswin V Sreenath', 'AR0250898', '97334529141', NULL, NULL, 'contact', '10', 'CBSE', 'English', 'monthly', 20, 20, 'active', '2025-04-28', 'WhatsApp', now(), now())
    ON CONFLICT (student_code) DO UPDATE SET academic_coordinator_id = EXCLUDED.academic_coordinator_id, student_name = EXCLUDED.student_name, contact_number = EXCLUDED.contact_number, parent_phone = EXCLUDED.parent_phone, alternative_number = EXCLUDED.alternative_number, class_level = EXCLUDED.class_level, board = EXCLUDED.board, medium = EXCLUDED.medium, package_name = EXCLUDED.package_name, total_hours = EXCLUDED.total_hours, remaining_hours = EXCLUDED.remaining_hours, status = EXCLUDED.status, updated_at = now();
    INSERT INTO public.students (id, academic_coordinator_id, student_name, student_code, contact_number, parent_phone, alternative_number, messaging_number, class_level, board, medium, package_name, total_hours, remaining_hours, status, joined_at, source, created_at, updated_at)
    VALUES ('56000031-0000-4000-8000-00000000001f', 'e6666666-6666-4666-a666-666666666666', 'Aiden Mathew', 'NV0240591', '971547440268', NULL, NULL, 'contact', '7', 'CBSE', 'English', 'customized', 0, 0, 'active', '2025-03-10', 'WhatsApp', now(), now())
    ON CONFLICT (student_code) DO UPDATE SET academic_coordinator_id = EXCLUDED.academic_coordinator_id, student_name = EXCLUDED.student_name, contact_number = EXCLUDED.contact_number, parent_phone = EXCLUDED.parent_phone, alternative_number = EXCLUDED.alternative_number, class_level = EXCLUDED.class_level, board = EXCLUDED.board, medium = EXCLUDED.medium, package_name = EXCLUDED.package_name, total_hours = EXCLUDED.total_hours, remaining_hours = EXCLUDED.remaining_hours, status = EXCLUDED.status, updated_at = now();
    INSERT INTO public.students (id, academic_coordinator_id, student_name, student_code, contact_number, parent_phone, alternative_number, messaging_number, class_level, board, medium, package_name, total_hours, remaining_hours, status, joined_at, source, created_at, updated_at)
    VALUES ('56000032-0000-4000-8000-000000000020', 'e6666666-6666-4666-a666-666666666666', 'Nivedhya Bijin', 'AU02501072', '971561604771', NULL, NULL, 'contact', '4', 'CBSE', 'English', 'customized', 0, 0, 'active', '2025-10-08', 'WhatsApp', now(), now())
    ON CONFLICT (student_code) DO UPDATE SET academic_coordinator_id = EXCLUDED.academic_coordinator_id, student_name = EXCLUDED.student_name, contact_number = EXCLUDED.contact_number, parent_phone = EXCLUDED.parent_phone, alternative_number = EXCLUDED.alternative_number, class_level = EXCLUDED.class_level, board = EXCLUDED.board, medium = EXCLUDED.medium, package_name = EXCLUDED.package_name, total_hours = EXCLUDED.total_hours, remaining_hours = EXCLUDED.remaining_hours, status = EXCLUDED.status, updated_at = now();
    INSERT INTO public.students (id, academic_coordinator_id, student_name, student_code, contact_number, parent_phone, alternative_number, messaging_number, class_level, board, medium, package_name, total_hours, remaining_hours, status, joined_at, source, created_at, updated_at)
    VALUES ('56000033-0000-4000-8000-000000000021', 'e6666666-6666-4666-a666-666666666666', 'Sidharth Gautham', 'AU02501061', '919497294465', NULL, '8086609026', 'contact', '4', 'CBSE', 'English', 'monthly', 20, 20, 'active', '2025-07-08', 'WhatsApp', now(), now())
    ON CONFLICT (student_code) DO UPDATE SET academic_coordinator_id = EXCLUDED.academic_coordinator_id, student_name = EXCLUDED.student_name, contact_number = EXCLUDED.contact_number, parent_phone = EXCLUDED.parent_phone, alternative_number = EXCLUDED.alternative_number, class_level = EXCLUDED.class_level, board = EXCLUDED.board, medium = EXCLUDED.medium, package_name = EXCLUDED.package_name, total_hours = EXCLUDED.total_hours, remaining_hours = EXCLUDED.remaining_hours, status = EXCLUDED.status, updated_at = now();
    INSERT INTO public.students (id, academic_coordinator_id, student_name, student_code, contact_number, parent_phone, alternative_number, messaging_number, class_level, board, medium, package_name, total_hours, remaining_hours, status, joined_at, source, created_at, updated_at)
    VALUES ('56000034-0000-4000-8000-000000000022', 'e6666666-6666-4666-a666-666666666666', 'Saesha', 'MA0240273', '971505952611', NULL, NULL, 'contact', '7', 'CBSE', 'English', 'monthly', 20, 20, 'active', '2024-05-27', 'WhatsApp', now(), now())
    ON CONFLICT (student_code) DO UPDATE SET academic_coordinator_id = EXCLUDED.academic_coordinator_id, student_name = EXCLUDED.student_name, contact_number = EXCLUDED.contact_number, parent_phone = EXCLUDED.parent_phone, alternative_number = EXCLUDED.alternative_number, class_level = EXCLUDED.class_level, board = EXCLUDED.board, medium = EXCLUDED.medium, package_name = EXCLUDED.package_name, total_hours = EXCLUDED.total_hours, remaining_hours = EXCLUDED.remaining_hours, status = EXCLUDED.status, updated_at = now();
    INSERT INTO public.students (id, academic_coordinator_id, student_name, student_code, contact_number, parent_phone, alternative_number, messaging_number, class_level, board, medium, package_name, total_hours, remaining_hours, status, joined_at, source, created_at, updated_at)
    VALUES ('56000035-0000-4000-8000-000000000023', 'e6666666-6666-4666-a666-666666666666', 'Farah', 'JL02501024', '971552053359', NULL, NULL, 'contact', '3', 'CBSE', 'English', 'monthly', 20, 20, 'active', '2025-09-07', 'WhatsApp', now(), now())
    ON CONFLICT (student_code) DO UPDATE SET academic_coordinator_id = EXCLUDED.academic_coordinator_id, student_name = EXCLUDED.student_name, contact_number = EXCLUDED.contact_number, parent_phone = EXCLUDED.parent_phone, alternative_number = EXCLUDED.alternative_number, class_level = EXCLUDED.class_level, board = EXCLUDED.board, medium = EXCLUDED.medium, package_name = EXCLUDED.package_name, total_hours = EXCLUDED.total_hours, remaining_hours = EXCLUDED.remaining_hours, status = EXCLUDED.status, updated_at = now();
    INSERT INTO public.students (id, academic_coordinator_id, student_name, student_code, contact_number, parent_phone, alternative_number, messaging_number, class_level, board, medium, package_name, total_hours, remaining_hours, status, joined_at, source, created_at, updated_at)
    VALUES ('56000036-0000-4000-8000-000000000024', 'e6666666-6666-4666-a666-666666666666', 'Deon', 'JL0250323', '971529661443', NULL, NULL, 'contact', '3', 'CBSE', 'English', '3 month', 63, 63, 'active', '2025-01-07', 'WhatsApp', now(), now())
    ON CONFLICT (student_code) DO UPDATE SET academic_coordinator_id = EXCLUDED.academic_coordinator_id, student_name = EXCLUDED.student_name, contact_number = EXCLUDED.contact_number, parent_phone = EXCLUDED.parent_phone, alternative_number = EXCLUDED.alternative_number, class_level = EXCLUDED.class_level, board = EXCLUDED.board, medium = EXCLUDED.medium, package_name = EXCLUDED.package_name, total_hours = EXCLUDED.total_hours, remaining_hours = EXCLUDED.remaining_hours, status = EXCLUDED.status, updated_at = now();
    INSERT INTO public.students (id, academic_coordinator_id, student_name, student_code, contact_number, parent_phone, alternative_number, messaging_number, class_level, board, medium, package_name, total_hours, remaining_hours, status, joined_at, source, created_at, updated_at)
    VALUES ('56000037-0000-4000-8000-000000000025', 'e6666666-6666-4666-a666-666666666666', 'Devananda', 'MR0250821', '96896988120', NULL, '78481716', 'contact', '8', 'CBSE', 'English', 'monthly', 20, 20, 'active', '2025-07-04', 'WhatsApp', now(), now())
    ON CONFLICT (student_code) DO UPDATE SET academic_coordinator_id = EXCLUDED.academic_coordinator_id, student_name = EXCLUDED.student_name, contact_number = EXCLUDED.contact_number, parent_phone = EXCLUDED.parent_phone, alternative_number = EXCLUDED.alternative_number, class_level = EXCLUDED.class_level, board = EXCLUDED.board, medium = EXCLUDED.medium, package_name = EXCLUDED.package_name, total_hours = EXCLUDED.total_hours, remaining_hours = EXCLUDED.remaining_hours, status = EXCLUDED.status, updated_at = now();
    INSERT INTO public.students (id, academic_coordinator_id, student_name, student_code, contact_number, parent_phone, alternative_number, messaging_number, class_level, board, medium, package_name, total_hours, remaining_hours, status, joined_at, source, created_at, updated_at)
    VALUES ('56000038-0000-4000-8000-000000000026', 'e6666666-6666-4666-a666-666666666666', 'Basil Abe Melbin', 'JL0240396', '971558758626', NULL, NULL, 'contact', '7', 'CBSE', 'English', '3 month', 63, 63, 'active', '2024-07-15', 'WhatsApp', now(), now())
    ON CONFLICT (student_code) DO UPDATE SET academic_coordinator_id = EXCLUDED.academic_coordinator_id, student_name = EXCLUDED.student_name, contact_number = EXCLUDED.contact_number, parent_phone = EXCLUDED.parent_phone, alternative_number = EXCLUDED.alternative_number, class_level = EXCLUDED.class_level, board = EXCLUDED.board, medium = EXCLUDED.medium, package_name = EXCLUDED.package_name, total_hours = EXCLUDED.total_hours, remaining_hours = EXCLUDED.remaining_hours, status = EXCLUDED.status, updated_at = now();
    INSERT INTO public.students (id, academic_coordinator_id, student_name, student_code, contact_number, parent_phone, alternative_number, messaging_number, class_level, board, medium, package_name, total_hours, remaining_hours, status, joined_at, source, created_at, updated_at)
    VALUES ('56000039-0000-4000-8000-000000000027', 'e6666666-6666-4666-a666-666666666666', 'Edwin Jijo', 'SP02501174', '971502331257', NULL, NULL, 'contact', '2', 'CBSE', 'English', 'customized', 8, 8, 'active', '2025-09-26', 'WhatsApp', now(), now())
    ON CONFLICT (student_code) DO UPDATE SET academic_coordinator_id = EXCLUDED.academic_coordinator_id, student_name = EXCLUDED.student_name, contact_number = EXCLUDED.contact_number, parent_phone = EXCLUDED.parent_phone, alternative_number = EXCLUDED.alternative_number, class_level = EXCLUDED.class_level, board = EXCLUDED.board, medium = EXCLUDED.medium, package_name = EXCLUDED.package_name, total_hours = EXCLUDED.total_hours, remaining_hours = EXCLUDED.remaining_hours, status = EXCLUDED.status, updated_at = now();
    INSERT INTO public.students (id, academic_coordinator_id, student_name, student_code, contact_number, parent_phone, alternative_number, messaging_number, class_level, board, medium, package_name, total_hours, remaining_hours, status, joined_at, source, created_at, updated_at)
    VALUES ('56000040-0000-4000-8000-000000000028', 'e6666666-6666-4666-a666-666666666666', 'Nessa ann joe', 'JL0240408', '971585678974', NULL, '585675067', 'contact', '7', 'CBSE', 'English', '3 month', 63, 63, 'active', '2024-07-30', 'WhatsApp', now(), now())
    ON CONFLICT (student_code) DO UPDATE SET academic_coordinator_id = EXCLUDED.academic_coordinator_id, student_name = EXCLUDED.student_name, contact_number = EXCLUDED.contact_number, parent_phone = EXCLUDED.parent_phone, alternative_number = EXCLUDED.alternative_number, class_level = EXCLUDED.class_level, board = EXCLUDED.board, medium = EXCLUDED.medium, package_name = EXCLUDED.package_name, total_hours = EXCLUDED.total_hours, remaining_hours = EXCLUDED.remaining_hours, status = EXCLUDED.status, updated_at = now();
    INSERT INTO public.students (id, academic_coordinator_id, student_name, student_code, contact_number, parent_phone, alternative_number, messaging_number, class_level, board, medium, package_name, total_hours, remaining_hours, status, joined_at, source, created_at, updated_at)
    VALUES ('56000041-0000-4000-8000-000000000029', 'e6666666-6666-4666-a666-666666666666', 'Hanoch', 'MR0250817', '971565747571', NULL, '555757836', 'contact', '10', 'CBSE', 'English', 'monthly', 20, 20, 'active', '2025-07-04', 'WhatsApp', now(), now())
    ON CONFLICT (student_code) DO UPDATE SET academic_coordinator_id = EXCLUDED.academic_coordinator_id, student_name = EXCLUDED.student_name, contact_number = EXCLUDED.contact_number, parent_phone = EXCLUDED.parent_phone, alternative_number = EXCLUDED.alternative_number, class_level = EXCLUDED.class_level, board = EXCLUDED.board, medium = EXCLUDED.medium, package_name = EXCLUDED.package_name, total_hours = EXCLUDED.total_hours, remaining_hours = EXCLUDED.remaining_hours, status = EXCLUDED.status, updated_at = now();
    INSERT INTO public.students (id, academic_coordinator_id, student_name, student_code, contact_number, parent_phone, alternative_number, messaging_number, class_level, board, medium, package_name, total_hours, remaining_hours, status, joined_at, source, created_at, updated_at)
    VALUES ('56000042-0000-4000-8000-00000000002a', 'e6666666-6666-4666-a666-666666666666', 'Ameya', 'JL02501023', '919539528663', NULL, NULL, 'contact', '10', 'CBSE', 'English', '3 month', 63, 63, 'active', '2025-08-07', 'WhatsApp', now(), now())
    ON CONFLICT (student_code) DO UPDATE SET academic_coordinator_id = EXCLUDED.academic_coordinator_id, student_name = EXCLUDED.student_name, contact_number = EXCLUDED.contact_number, parent_phone = EXCLUDED.parent_phone, alternative_number = EXCLUDED.alternative_number, class_level = EXCLUDED.class_level, board = EXCLUDED.board, medium = EXCLUDED.medium, package_name = EXCLUDED.package_name, total_hours = EXCLUDED.total_hours, remaining_hours = EXCLUDED.remaining_hours, status = EXCLUDED.status, updated_at = now();
    INSERT INTO public.students (id, academic_coordinator_id, student_name, student_code, contact_number, parent_phone, alternative_number, messaging_number, class_level, board, medium, package_name, total_hours, remaining_hours, status, joined_at, source, created_at, updated_at)
    VALUES ('56000043-0000-4000-8000-00000000002b', 'e6666666-6666-4666-a666-666666666666', 'Aleena amalu veena', 'AR0250899', '9197470977098', NULL, NULL, 'contact', '7', 'CBSE', 'English', 'monthly', 20, 20, 'active', '2025-04-26', 'WhatsApp', now(), now())
    ON CONFLICT (student_code) DO UPDATE SET academic_coordinator_id = EXCLUDED.academic_coordinator_id, student_name = EXCLUDED.student_name, contact_number = EXCLUDED.contact_number, parent_phone = EXCLUDED.parent_phone, alternative_number = EXCLUDED.alternative_number, class_level = EXCLUDED.class_level, board = EXCLUDED.board, medium = EXCLUDED.medium, package_name = EXCLUDED.package_name, total_hours = EXCLUDED.total_hours, remaining_hours = EXCLUDED.remaining_hours, status = EXCLUDED.status, updated_at = now();
    INSERT INTO public.students (id, academic_coordinator_id, student_name, student_code, contact_number, parent_phone, alternative_number, messaging_number, class_level, board, medium, package_name, total_hours, remaining_hours, status, joined_at, source, created_at, updated_at)
    VALUES ('56000044-0000-4000-8000-00000000002c', 'e6666666-6666-4666-a666-666666666666', 'Athulya sudheesh', 'DC02501297', '917558030854', NULL, NULL, 'contact', '12', 'CBSE', 'English', 'monthly', 20, 20, 'active', '2025-03-12', 'WhatsApp', now(), now())
    ON CONFLICT (student_code) DO UPDATE SET academic_coordinator_id = EXCLUDED.academic_coordinator_id, student_name = EXCLUDED.student_name, contact_number = EXCLUDED.contact_number, parent_phone = EXCLUDED.parent_phone, alternative_number = EXCLUDED.alternative_number, class_level = EXCLUDED.class_level, board = EXCLUDED.board, medium = EXCLUDED.medium, package_name = EXCLUDED.package_name, total_hours = EXCLUDED.total_hours, remaining_hours = EXCLUDED.remaining_hours, status = EXCLUDED.status, updated_at = now();
    INSERT INTO public.students (id, academic_coordinator_id, student_name, student_code, contact_number, parent_phone, alternative_number, messaging_number, class_level, board, medium, package_name, total_hours, remaining_hours, status, joined_at, source, created_at, updated_at)
    VALUES ('56000045-0000-4000-8000-00000000002d', 'e6666666-6666-4666-a666-666666666666', 'Affaan', 'DC02501282', '919633623463', NULL, NULL, 'contact', '9', 'CBSE', 'English', 'customized', 12, 12, 'active', '2025-12-12', 'WhatsApp', now(), now())
    ON CONFLICT (student_code) DO UPDATE SET academic_coordinator_id = EXCLUDED.academic_coordinator_id, student_name = EXCLUDED.student_name, contact_number = EXCLUDED.contact_number, parent_phone = EXCLUDED.parent_phone, alternative_number = EXCLUDED.alternative_number, class_level = EXCLUDED.class_level, board = EXCLUDED.board, medium = EXCLUDED.medium, package_name = EXCLUDED.package_name, total_hours = EXCLUDED.total_hours, remaining_hours = EXCLUDED.remaining_hours, status = EXCLUDED.status, updated_at = now();
    INSERT INTO public.students (id, academic_coordinator_id, student_name, student_code, contact_number, parent_phone, alternative_number, messaging_number, class_level, board, medium, package_name, total_hours, remaining_hours, status, joined_at, source, created_at, updated_at)
    VALUES ('56000046-0000-4000-8000-00000000002e', 'e6666666-6666-4666-a666-666666666666', 'Amegh anoop', 'OC0240581', '96550358457', NULL, NULL, 'contact', '7', 'CBSE', 'English', 'monthly', 20, 20, 'active', '2025-06-03', 'WhatsApp', now(), now())
    ON CONFLICT (student_code) DO UPDATE SET academic_coordinator_id = EXCLUDED.academic_coordinator_id, student_name = EXCLUDED.student_name, contact_number = EXCLUDED.contact_number, parent_phone = EXCLUDED.parent_phone, alternative_number = EXCLUDED.alternative_number, class_level = EXCLUDED.class_level, board = EXCLUDED.board, medium = EXCLUDED.medium, package_name = EXCLUDED.package_name, total_hours = EXCLUDED.total_hours, remaining_hours = EXCLUDED.remaining_hours, status = EXCLUDED.status, updated_at = now();
    INSERT INTO public.students (id, academic_coordinator_id, student_name, student_code, contact_number, parent_phone, alternative_number, messaging_number, class_level, board, medium, package_name, total_hours, remaining_hours, status, joined_at, source, created_at, updated_at)
    VALUES ('56000047-0000-4000-8000-00000000002f', 'e6666666-6666-4666-a666-666666666666', 'Ruben', 'DC02501313', '971585115218', NULL, NULL, 'contact', '4', 'CBSE', 'English', 'customized', 8, 8, 'active', '2025-12-25', 'WhatsApp', now(), now())
    ON CONFLICT (student_code) DO UPDATE SET academic_coordinator_id = EXCLUDED.academic_coordinator_id, student_name = EXCLUDED.student_name, contact_number = EXCLUDED.contact_number, parent_phone = EXCLUDED.parent_phone, alternative_number = EXCLUDED.alternative_number, class_level = EXCLUDED.class_level, board = EXCLUDED.board, medium = EXCLUDED.medium, package_name = EXCLUDED.package_name, total_hours = EXCLUDED.total_hours, remaining_hours = EXCLUDED.remaining_hours, status = EXCLUDED.status, updated_at = now();
    INSERT INTO public.students (id, academic_coordinator_id, student_name, student_code, contact_number, parent_phone, alternative_number, messaging_number, class_level, board, medium, package_name, total_hours, remaining_hours, status, joined_at, source, created_at, updated_at)
    VALUES ('56000048-0000-4000-8000-000000000030', 'e6666666-6666-4666-a666-666666666666', 'Evelyn', 'SP02501143', '971502796761', NULL, NULL, 'contact', '7', 'CBSE', 'English', 'monthly', 20, 20, 'active', '2025-09-12', 'WhatsApp', now(), now())
    ON CONFLICT (student_code) DO UPDATE SET academic_coordinator_id = EXCLUDED.academic_coordinator_id, student_name = EXCLUDED.student_name, contact_number = EXCLUDED.contact_number, parent_phone = EXCLUDED.parent_phone, alternative_number = EXCLUDED.alternative_number, class_level = EXCLUDED.class_level, board = EXCLUDED.board, medium = EXCLUDED.medium, package_name = EXCLUDED.package_name, total_hours = EXCLUDED.total_hours, remaining_hours = EXCLUDED.remaining_hours, status = EXCLUDED.status, updated_at = now();
    INSERT INTO public.students (id, academic_coordinator_id, student_name, student_code, contact_number, parent_phone, alternative_number, messaging_number, class_level, board, medium, package_name, total_hours, remaining_hours, status, joined_at, source, created_at, updated_at)
    VALUES ('56000049-0000-4000-8000-000000000031', 'e6666666-6666-4666-a666-666666666666', 'vedika Arun', 'SP02501149', '971564504191', NULL, NULL, 'contact', '4', 'CBSE', 'English', 'customized', 8, 8, 'active', '2025-09-15', 'WhatsApp', now(), now())
    ON CONFLICT (student_code) DO UPDATE SET academic_coordinator_id = EXCLUDED.academic_coordinator_id, student_name = EXCLUDED.student_name, contact_number = EXCLUDED.contact_number, parent_phone = EXCLUDED.parent_phone, alternative_number = EXCLUDED.alternative_number, class_level = EXCLUDED.class_level, board = EXCLUDED.board, medium = EXCLUDED.medium, package_name = EXCLUDED.package_name, total_hours = EXCLUDED.total_hours, remaining_hours = EXCLUDED.remaining_hours, status = EXCLUDED.status, updated_at = now();
    INSERT INTO public.students (id, academic_coordinator_id, student_name, student_code, contact_number, parent_phone, alternative_number, messaging_number, class_level, board, medium, package_name, total_hours, remaining_hours, status, joined_at, source, created_at, updated_at)
    VALUES ('56000050-0000-4000-8000-000000000032', 'e6666666-6666-4666-a666-666666666666', 'Jeuel Mary sunil joseph', 'OC0240571', '966557602174', NULL, NULL, 'contact', '3', 'CBSE', 'English', '3 month', 63, 63, 'active', '1905-07-16', 'WhatsApp', now(), now())
    ON CONFLICT (student_code) DO UPDATE SET academic_coordinator_id = EXCLUDED.academic_coordinator_id, student_name = EXCLUDED.student_name, contact_number = EXCLUDED.contact_number, parent_phone = EXCLUDED.parent_phone, alternative_number = EXCLUDED.alternative_number, class_level = EXCLUDED.class_level, board = EXCLUDED.board, medium = EXCLUDED.medium, package_name = EXCLUDED.package_name, total_hours = EXCLUDED.total_hours, remaining_hours = EXCLUDED.remaining_hours, status = EXCLUDED.status, updated_at = now();
    INSERT INTO public.students (id, academic_coordinator_id, student_name, student_code, contact_number, parent_phone, alternative_number, messaging_number, class_level, board, medium, package_name, total_hours, remaining_hours, status, joined_at, source, created_at, updated_at)
    VALUES ('56000051-0000-4000-8000-000000000033', 'e6666666-6666-4666-a666-666666666666', 'Padmasri', 'OT02501194', '971505147882', NULL, NULL, 'contact', '2', 'CBSE', 'English', 'monthly', 20, 20, 'active', '2025-03-10', 'WhatsApp', now(), now())
    ON CONFLICT (student_code) DO UPDATE SET academic_coordinator_id = EXCLUDED.academic_coordinator_id, student_name = EXCLUDED.student_name, contact_number = EXCLUDED.contact_number, parent_phone = EXCLUDED.parent_phone, alternative_number = EXCLUDED.alternative_number, class_level = EXCLUDED.class_level, board = EXCLUDED.board, medium = EXCLUDED.medium, package_name = EXCLUDED.package_name, total_hours = EXCLUDED.total_hours, remaining_hours = EXCLUDED.remaining_hours, status = EXCLUDED.status, updated_at = now();
    INSERT INTO public.students (id, academic_coordinator_id, student_name, student_code, contact_number, parent_phone, alternative_number, messaging_number, class_level, board, medium, package_name, total_hours, remaining_hours, status, joined_at, source, created_at, updated_at)
    VALUES ('56000052-0000-4000-8000-000000000034', 'e6666666-6666-4666-a666-666666666666', 'Agna', 'DC02501321', '96556639110', NULL, '67797699', 'contact', '9', 'CBSE', 'English', 'monthly', 20, 20, 'active', '2025-12-28', 'WhatsApp', now(), now())
    ON CONFLICT (student_code) DO UPDATE SET academic_coordinator_id = EXCLUDED.academic_coordinator_id, student_name = EXCLUDED.student_name, contact_number = EXCLUDED.contact_number, parent_phone = EXCLUDED.parent_phone, alternative_number = EXCLUDED.alternative_number, class_level = EXCLUDED.class_level, board = EXCLUDED.board, medium = EXCLUDED.medium, package_name = EXCLUDED.package_name, total_hours = EXCLUDED.total_hours, remaining_hours = EXCLUDED.remaining_hours, status = EXCLUDED.status, updated_at = now();
    INSERT INTO public.students (id, academic_coordinator_id, student_name, student_code, contact_number, parent_phone, alternative_number, messaging_number, class_level, board, medium, package_name, total_hours, remaining_hours, status, joined_at, source, created_at, updated_at)
    VALUES ('56000053-0000-4000-8000-000000000035', 'e6666666-6666-4666-a666-666666666666', 'Zainab', 'JN02601345', '918921244582', NULL, NULL, 'contact', '12', 'CBSE', 'English', 'customized', 0, 0, 'active', '2026-10-01', 'WhatsApp', now(), now())
    ON CONFLICT (student_code) DO UPDATE SET academic_coordinator_id = EXCLUDED.academic_coordinator_id, student_name = EXCLUDED.student_name, contact_number = EXCLUDED.contact_number, parent_phone = EXCLUDED.parent_phone, alternative_number = EXCLUDED.alternative_number, class_level = EXCLUDED.class_level, board = EXCLUDED.board, medium = EXCLUDED.medium, package_name = EXCLUDED.package_name, total_hours = EXCLUDED.total_hours, remaining_hours = EXCLUDED.remaining_hours, status = EXCLUDED.status, updated_at = now();
    INSERT INTO public.students (id, academic_coordinator_id, student_name, student_code, contact_number, parent_phone, alternative_number, messaging_number, class_level, board, medium, package_name, total_hours, remaining_hours, status, joined_at, source, created_at, updated_at)
    VALUES ('56000054-0000-4000-8000-000000000036', 'e6666666-6666-4666-a666-666666666666', 'Afreen', 'MR0250823', '919633614153', NULL, NULL, 'contact', '9', 'CBSE', 'English', 'monthly', 20, 20, 'active', '2025-06-04', 'WhatsApp', now(), now())
    ON CONFLICT (student_code) DO UPDATE SET academic_coordinator_id = EXCLUDED.academic_coordinator_id, student_name = EXCLUDED.student_name, contact_number = EXCLUDED.contact_number, parent_phone = EXCLUDED.parent_phone, alternative_number = EXCLUDED.alternative_number, class_level = EXCLUDED.class_level, board = EXCLUDED.board, medium = EXCLUDED.medium, package_name = EXCLUDED.package_name, total_hours = EXCLUDED.total_hours, remaining_hours = EXCLUDED.remaining_hours, status = EXCLUDED.status, updated_at = now();
    INSERT INTO public.students (id, academic_coordinator_id, student_name, student_code, contact_number, parent_phone, alternative_number, messaging_number, class_level, board, medium, package_name, total_hours, remaining_hours, status, joined_at, source, created_at, updated_at)
    VALUES ('56000055-0000-4000-8000-000000000037', 'e6666666-6666-4666-a666-666666666666', 'Vedha pradheep', 'SP02501171', '966541407461', NULL, NULL, 'contact', '9', 'CBSE', 'English', 'monthly', 20, 20, 'active', '2025-09-27', 'WhatsApp', now(), now())
    ON CONFLICT (student_code) DO UPDATE SET academic_coordinator_id = EXCLUDED.academic_coordinator_id, student_name = EXCLUDED.student_name, contact_number = EXCLUDED.contact_number, parent_phone = EXCLUDED.parent_phone, alternative_number = EXCLUDED.alternative_number, class_level = EXCLUDED.class_level, board = EXCLUDED.board, medium = EXCLUDED.medium, package_name = EXCLUDED.package_name, total_hours = EXCLUDED.total_hours, remaining_hours = EXCLUDED.remaining_hours, status = EXCLUDED.status, updated_at = now();
    INSERT INTO public.students (id, academic_coordinator_id, student_name, student_code, contact_number, parent_phone, alternative_number, messaging_number, class_level, board, medium, package_name, total_hours, remaining_hours, status, joined_at, source, created_at, updated_at)
    VALUES ('56000056-0000-4000-8000-000000000038', 'e6666666-6666-4666-a666-666666666666', 'Zuhel Ahamed yoonus', 'AR0250877', '97430002197', NULL, '30074428', 'contact', '9', 'CBSE', 'English', 'customized', 8, 8, 'active', '2025-04-22', 'WhatsApp', now(), now())
    ON CONFLICT (student_code) DO UPDATE SET academic_coordinator_id = EXCLUDED.academic_coordinator_id, student_name = EXCLUDED.student_name, contact_number = EXCLUDED.contact_number, parent_phone = EXCLUDED.parent_phone, alternative_number = EXCLUDED.alternative_number, class_level = EXCLUDED.class_level, board = EXCLUDED.board, medium = EXCLUDED.medium, package_name = EXCLUDED.package_name, total_hours = EXCLUDED.total_hours, remaining_hours = EXCLUDED.remaining_hours, status = EXCLUDED.status, updated_at = now();
    INSERT INTO public.students (id, academic_coordinator_id, student_name, student_code, contact_number, parent_phone, alternative_number, messaging_number, class_level, board, medium, package_name, total_hours, remaining_hours, status, joined_at, source, created_at, updated_at)
    VALUES ('56000057-0000-4000-8000-000000000039', 'e6666666-6666-4666-a666-666666666666', 'Nainika Sreejith', 'NV02501253', '971529352898', NULL, '589646970', 'contact', '8', 'CBSE', 'English', 'monthly', 20, 20, 'active', '2025-11-12', 'WhatsApp', now(), now())
    ON CONFLICT (student_code) DO UPDATE SET academic_coordinator_id = EXCLUDED.academic_coordinator_id, student_name = EXCLUDED.student_name, contact_number = EXCLUDED.contact_number, parent_phone = EXCLUDED.parent_phone, alternative_number = EXCLUDED.alternative_number, class_level = EXCLUDED.class_level, board = EXCLUDED.board, medium = EXCLUDED.medium, package_name = EXCLUDED.package_name, total_hours = EXCLUDED.total_hours, remaining_hours = EXCLUDED.remaining_hours, status = EXCLUDED.status, updated_at = now();
    INSERT INTO public.students (id, academic_coordinator_id, student_name, student_code, contact_number, parent_phone, alternative_number, messaging_number, class_level, board, medium, package_name, total_hours, remaining_hours, status, joined_at, source, created_at, updated_at)
    VALUES ('56000058-0000-4000-8000-00000000003a', 'e6666666-6666-4666-a666-666666666666', 'Hannah Mary shiju', 'AR0250860', '971557692181', NULL, NULL, 'contact', '8', 'CBSE', 'English', 'monthly', 20, 20, 'active', '2025-08-04', 'WhatsApp', now(), now())
    ON CONFLICT (student_code) DO UPDATE SET academic_coordinator_id = EXCLUDED.academic_coordinator_id, student_name = EXCLUDED.student_name, contact_number = EXCLUDED.contact_number, parent_phone = EXCLUDED.parent_phone, alternative_number = EXCLUDED.alternative_number, class_level = EXCLUDED.class_level, board = EXCLUDED.board, medium = EXCLUDED.medium, package_name = EXCLUDED.package_name, total_hours = EXCLUDED.total_hours, remaining_hours = EXCLUDED.remaining_hours, status = EXCLUDED.status, updated_at = now();
    INSERT INTO public.students (id, academic_coordinator_id, student_name, student_code, contact_number, parent_phone, alternative_number, messaging_number, class_level, board, medium, package_name, total_hours, remaining_hours, status, joined_at, source, created_at, updated_at)
    VALUES ('56000059-0000-4000-8000-00000000003b', 'e6666666-6666-4666-a666-666666666666', 'Diya', 'AU02501098', '971529588446', NULL, NULL, 'contact', '10', 'CBSE', 'English', 'monthly', 20, 20, 'active', '2025-08-20', 'WhatsApp', now(), now())
    ON CONFLICT (student_code) DO UPDATE SET academic_coordinator_id = EXCLUDED.academic_coordinator_id, student_name = EXCLUDED.student_name, contact_number = EXCLUDED.contact_number, parent_phone = EXCLUDED.parent_phone, alternative_number = EXCLUDED.alternative_number, class_level = EXCLUDED.class_level, board = EXCLUDED.board, medium = EXCLUDED.medium, package_name = EXCLUDED.package_name, total_hours = EXCLUDED.total_hours, remaining_hours = EXCLUDED.remaining_hours, status = EXCLUDED.status, updated_at = now();
    INSERT INTO public.students (id, academic_coordinator_id, student_name, student_code, contact_number, parent_phone, alternative_number, messaging_number, class_level, board, medium, package_name, total_hours, remaining_hours, status, joined_at, source, created_at, updated_at)
    VALUES ('56000060-0000-4000-8000-00000000003c', 'e6666666-6666-4666-a666-666666666666', 'Advaith Anesh', 'AU02501081', '971505147882', NULL, NULL, 'contact', '9', 'CBSE', 'English', 'monthly', 20, 20, 'active', '2025-12-08', 'WhatsApp', now(), now())
    ON CONFLICT (student_code) DO UPDATE SET academic_coordinator_id = EXCLUDED.academic_coordinator_id, student_name = EXCLUDED.student_name, contact_number = EXCLUDED.contact_number, parent_phone = EXCLUDED.parent_phone, alternative_number = EXCLUDED.alternative_number, class_level = EXCLUDED.class_level, board = EXCLUDED.board, medium = EXCLUDED.medium, package_name = EXCLUDED.package_name, total_hours = EXCLUDED.total_hours, remaining_hours = EXCLUDED.remaining_hours, status = EXCLUDED.status, updated_at = now();
    INSERT INTO public.students (id, academic_coordinator_id, student_name, student_code, contact_number, parent_phone, alternative_number, messaging_number, class_level, board, medium, package_name, total_hours, remaining_hours, status, joined_at, source, created_at, updated_at)
    VALUES ('56000061-0000-4000-8000-00000000003d', 'e6666666-6666-4666-a666-666666666666', 'amin', 'NV02501267', '971505126964', NULL, NULL, 'contact', '2', 'CBSE', 'English', 'monthly', 20, 20, 'active', '2025-11-20', 'WhatsApp', now(), now())
    ON CONFLICT (student_code) DO UPDATE SET academic_coordinator_id = EXCLUDED.academic_coordinator_id, student_name = EXCLUDED.student_name, contact_number = EXCLUDED.contact_number, parent_phone = EXCLUDED.parent_phone, alternative_number = EXCLUDED.alternative_number, class_level = EXCLUDED.class_level, board = EXCLUDED.board, medium = EXCLUDED.medium, package_name = EXCLUDED.package_name, total_hours = EXCLUDED.total_hours, remaining_hours = EXCLUDED.remaining_hours, status = EXCLUDED.status, updated_at = now();

    -- Processing AC8 --
    IF NOT EXISTS (SELECT 1 FROM auth.users WHERE email = 'edusolve8ac@gmail.com') THEN
        INSERT INTO auth.users (id, instance_id, aud, role, email, encrypted_password, email_confirmed_at, raw_app_meta_data, raw_user_meta_data, created_at, updated_at)
        VALUES ('e8888888-8888-4888-a888-888888888888', '00000000-0000-0000-0000-000000000000', 'authenticated', 'authenticated', 'edusolve8ac@gmail.com', extensions.crypt('AC@Edusolve123', extensions.gen_salt('bf')), now(), '{"provider":"email","providers":["email"]}', '{"role":"academic_coordinator","full_name":"AC8"}', now(), now());
        INSERT INTO auth.identities (id, user_id, identity_data, provider, provider_id, last_sign_in_at, created_at, updated_at)
        VALUES ('e8888888-8888-4888-a888-888888888888', 'e8888888-8888-4888-a888-888888888888', format('{"sub":"%s","email":"%s"}', 'e8888888-8888-4888-a888-888888888888', 'edusolve8ac@gmail.com')::jsonb, 'email', 'e8888888-8888-4888-a888-888888888888', now(), now(), now());
        INSERT INTO public.users (id, full_name, email) VALUES ('e8888888-8888-4888-a888-888888888888', 'AC8', 'edusolve8ac@gmail.com');
        INSERT INTO public.user_roles (user_id, role_id) VALUES ('e8888888-8888-4888-a888-888888888888', ac_role_id);
    END IF;
    INSERT INTO public.students (id, academic_coordinator_id, student_name, student_code, contact_number, parent_phone, alternative_number, messaging_number, class_level, board, medium, package_name, total_hours, remaining_hours, status, joined_at, source, created_at, updated_at)
    VALUES ('58000000-0000-4000-8000-000000000000', 'e8888888-8888-4888-a888-888888888888', 'Muhammed Aahil', 'FB02601393', '919846774050', '9846774050', '9846774050', 'contact', '3', 'CBSE', 'English', 'Monthly', 20, 20, 'active', '2026-02-05', 'WhatsApp', now(), now())
    ON CONFLICT (student_code) DO UPDATE SET academic_coordinator_id = EXCLUDED.academic_coordinator_id, student_name = EXCLUDED.student_name, contact_number = EXCLUDED.contact_number, parent_phone = EXCLUDED.parent_phone, alternative_number = EXCLUDED.alternative_number, class_level = EXCLUDED.class_level, board = EXCLUDED.board, medium = EXCLUDED.medium, package_name = EXCLUDED.package_name, total_hours = EXCLUDED.total_hours, remaining_hours = EXCLUDED.remaining_hours, status = EXCLUDED.status, updated_at = now();
    INSERT INTO public.students (id, academic_coordinator_id, student_name, student_code, contact_number, parent_phone, alternative_number, messaging_number, class_level, board, medium, package_name, total_hours, remaining_hours, status, joined_at, source, created_at, updated_at)
    VALUES ('58000001-0000-4000-8000-000000000001', 'e8888888-8888-4888-a888-888888888888', 'Zayyan mubarak', 'OT02501225', '971543915909', '543915909', '557254047', 'contact', '5', 'CBSE', 'English', 'Customised', 12, 12, 'active', '2025-10-19', 'WhatsApp', now(), now())
    ON CONFLICT (student_code) DO UPDATE SET academic_coordinator_id = EXCLUDED.academic_coordinator_id, student_name = EXCLUDED.student_name, contact_number = EXCLUDED.contact_number, parent_phone = EXCLUDED.parent_phone, alternative_number = EXCLUDED.alternative_number, class_level = EXCLUDED.class_level, board = EXCLUDED.board, medium = EXCLUDED.medium, package_name = EXCLUDED.package_name, total_hours = EXCLUDED.total_hours, remaining_hours = EXCLUDED.remaining_hours, status = EXCLUDED.status, updated_at = now();
    INSERT INTO public.students (id, academic_coordinator_id, student_name, student_code, contact_number, parent_phone, alternative_number, messaging_number, class_level, board, medium, package_name, total_hours, remaining_hours, status, joined_at, source, created_at, updated_at)
    VALUES ('58000002-0000-4000-8000-000000000002', 'e8888888-8888-4888-a888-888888888888', 'Amina faiqah', 'SP02501165', '971567377897', '567377897', '567377897', 'contact', '9', 'CBSE', 'English', 'Customised', 12, 12, 'active', '2025-09-09', 'WhatsApp', now(), now())
    ON CONFLICT (student_code) DO UPDATE SET academic_coordinator_id = EXCLUDED.academic_coordinator_id, student_name = EXCLUDED.student_name, contact_number = EXCLUDED.contact_number, parent_phone = EXCLUDED.parent_phone, alternative_number = EXCLUDED.alternative_number, class_level = EXCLUDED.class_level, board = EXCLUDED.board, medium = EXCLUDED.medium, package_name = EXCLUDED.package_name, total_hours = EXCLUDED.total_hours, remaining_hours = EXCLUDED.remaining_hours, status = EXCLUDED.status, updated_at = now();
    INSERT INTO public.students (id, academic_coordinator_id, student_name, student_code, contact_number, parent_phone, alternative_number, messaging_number, class_level, board, medium, package_name, total_hours, remaining_hours, status, joined_at, source, created_at, updated_at)
    VALUES ('58000003-0000-4000-8000-000000000003', 'e8888888-8888-4888-a888-888888888888', 'Miraal', 'SP02501142', '971525248081', '549963044', '549963044', 'contact', 'KG2', 'CBSE', 'English', 'Monthly', 20, 20, 'active', '2025-09-16', 'WhatsApp', now(), now())
    ON CONFLICT (student_code) DO UPDATE SET academic_coordinator_id = EXCLUDED.academic_coordinator_id, student_name = EXCLUDED.student_name, contact_number = EXCLUDED.contact_number, parent_phone = EXCLUDED.parent_phone, alternative_number = EXCLUDED.alternative_number, class_level = EXCLUDED.class_level, board = EXCLUDED.board, medium = EXCLUDED.medium, package_name = EXCLUDED.package_name, total_hours = EXCLUDED.total_hours, remaining_hours = EXCLUDED.remaining_hours, status = EXCLUDED.status, updated_at = now();
    INSERT INTO public.students (id, academic_coordinator_id, student_name, student_code, contact_number, parent_phone, alternative_number, messaging_number, class_level, board, medium, package_name, total_hours, remaining_hours, status, joined_at, source, created_at, updated_at)
    VALUES ('58000004-0000-4000-8000-000000000004', 'e8888888-8888-4888-a888-888888888888', 'Muhammed shammas', 'SP02501146', '966572217870', '572217870', '567343914', 'contact', '7', 'CBSE', 'English', 'Customised', 16, 16, 'active', '2025-09-13', 'WhatsApp', now(), now())
    ON CONFLICT (student_code) DO UPDATE SET academic_coordinator_id = EXCLUDED.academic_coordinator_id, student_name = EXCLUDED.student_name, contact_number = EXCLUDED.contact_number, parent_phone = EXCLUDED.parent_phone, alternative_number = EXCLUDED.alternative_number, class_level = EXCLUDED.class_level, board = EXCLUDED.board, medium = EXCLUDED.medium, package_name = EXCLUDED.package_name, total_hours = EXCLUDED.total_hours, remaining_hours = EXCLUDED.remaining_hours, status = EXCLUDED.status, updated_at = now();
    INSERT INTO public.students (id, academic_coordinator_id, student_name, student_code, contact_number, parent_phone, alternative_number, messaging_number, class_level, board, medium, package_name, total_hours, remaining_hours, status, joined_at, source, created_at, updated_at)
    VALUES ('58000005-0000-4000-8000-000000000005', 'e8888888-8888-4888-a888-888888888888', 'Nivedh k Sujith', 'OT02501227', '971555218257', '555218257', '555218257', 'contact', '7', 'CBSE', 'English', 'Customised', 8, 8, 'active', '2025-10-24', 'WhatsApp', now(), now())
    ON CONFLICT (student_code) DO UPDATE SET academic_coordinator_id = EXCLUDED.academic_coordinator_id, student_name = EXCLUDED.student_name, contact_number = EXCLUDED.contact_number, parent_phone = EXCLUDED.parent_phone, alternative_number = EXCLUDED.alternative_number, class_level = EXCLUDED.class_level, board = EXCLUDED.board, medium = EXCLUDED.medium, package_name = EXCLUDED.package_name, total_hours = EXCLUDED.total_hours, remaining_hours = EXCLUDED.remaining_hours, status = EXCLUDED.status, updated_at = now();
    INSERT INTO public.students (id, academic_coordinator_id, student_name, student_code, contact_number, parent_phone, alternative_number, messaging_number, class_level, board, medium, package_name, total_hours, remaining_hours, status, joined_at, source, created_at, updated_at)
    VALUES ('58000006-0000-4000-8000-000000000006', 'e8888888-8888-4888-a888-888888888888', 'Shria PK', 'NV02501246', '96897360059', '97360059', '97360059', 'contact', '8', 'CBSE', 'English', 'Monthly', 20, 20, 'active', '2025-11-09', 'WhatsApp', now(), now())
    ON CONFLICT (student_code) DO UPDATE SET academic_coordinator_id = EXCLUDED.academic_coordinator_id, student_name = EXCLUDED.student_name, contact_number = EXCLUDED.contact_number, parent_phone = EXCLUDED.parent_phone, alternative_number = EXCLUDED.alternative_number, class_level = EXCLUDED.class_level, board = EXCLUDED.board, medium = EXCLUDED.medium, package_name = EXCLUDED.package_name, total_hours = EXCLUDED.total_hours, remaining_hours = EXCLUDED.remaining_hours, status = EXCLUDED.status, updated_at = now();
    INSERT INTO public.students (id, academic_coordinator_id, student_name, student_code, contact_number, parent_phone, alternative_number, messaging_number, class_level, board, medium, package_name, total_hours, remaining_hours, status, joined_at, source, created_at, updated_at)
    VALUES ('58000007-0000-4000-8000-000000000007', 'e8888888-8888-4888-a888-888888888888', 'Farah Fathima', 'SP02501156', '97466806575', '97466806575', '9496046522', 'contact', '9', 'CBSE', 'English', 'Customised', 12, 12, 'active', '2025-09-21', 'WhatsApp', now(), now())
    ON CONFLICT (student_code) DO UPDATE SET academic_coordinator_id = EXCLUDED.academic_coordinator_id, student_name = EXCLUDED.student_name, contact_number = EXCLUDED.contact_number, parent_phone = EXCLUDED.parent_phone, alternative_number = EXCLUDED.alternative_number, class_level = EXCLUDED.class_level, board = EXCLUDED.board, medium = EXCLUDED.medium, package_name = EXCLUDED.package_name, total_hours = EXCLUDED.total_hours, remaining_hours = EXCLUDED.remaining_hours, status = EXCLUDED.status, updated_at = now();
    INSERT INTO public.students (id, academic_coordinator_id, student_name, student_code, contact_number, parent_phone, alternative_number, messaging_number, class_level, board, medium, package_name, total_hours, remaining_hours, status, joined_at, source, created_at, updated_at)
    VALUES ('58000008-0000-4000-8000-000000000008', 'e8888888-8888-4888-a888-888888888888', 'Fathima shaima', 'FB02601384', '917736516556', '7736516556', '7736516556', 'contact', '5', 'STATE', 'English', 'Monthly', 20, 20, 'active', '2026-02-04', 'WhatsApp', now(), now())
    ON CONFLICT (student_code) DO UPDATE SET academic_coordinator_id = EXCLUDED.academic_coordinator_id, student_name = EXCLUDED.student_name, contact_number = EXCLUDED.contact_number, parent_phone = EXCLUDED.parent_phone, alternative_number = EXCLUDED.alternative_number, class_level = EXCLUDED.class_level, board = EXCLUDED.board, medium = EXCLUDED.medium, package_name = EXCLUDED.package_name, total_hours = EXCLUDED.total_hours, remaining_hours = EXCLUDED.remaining_hours, status = EXCLUDED.status, updated_at = now();
    INSERT INTO public.students (id, academic_coordinator_id, student_name, student_code, contact_number, parent_phone, alternative_number, messaging_number, class_level, board, medium, package_name, total_hours, remaining_hours, status, joined_at, source, created_at, updated_at)
    VALUES ('58000009-0000-4000-8000-000000000009', 'e8888888-8888-4888-a888-888888888888', 'Zoya afsal', 'SP02501166', '971504471029', '504471029', '504471029', 'contact', '6', 'CBSE', 'English', 'Monthly', 20, 20, 'active', '2025-09-22', 'WhatsApp', now(), now())
    ON CONFLICT (student_code) DO UPDATE SET academic_coordinator_id = EXCLUDED.academic_coordinator_id, student_name = EXCLUDED.student_name, contact_number = EXCLUDED.contact_number, parent_phone = EXCLUDED.parent_phone, alternative_number = EXCLUDED.alternative_number, class_level = EXCLUDED.class_level, board = EXCLUDED.board, medium = EXCLUDED.medium, package_name = EXCLUDED.package_name, total_hours = EXCLUDED.total_hours, remaining_hours = EXCLUDED.remaining_hours, status = EXCLUDED.status, updated_at = now();
    INSERT INTO public.students (id, academic_coordinator_id, student_name, student_code, contact_number, parent_phone, alternative_number, messaging_number, class_level, board, medium, package_name, total_hours, remaining_hours, status, joined_at, source, created_at, updated_at)
    VALUES ('58000010-0000-4000-8000-00000000000a', 'e8888888-8888-4888-a888-888888888888', 'Maryam sajeesh', 'SP02501162', '97466721871', '66721871', '66721871', 'contact', '2', 'CBSE', 'English', 'Monthly', 20, 20, 'active', '2026-09-22', 'WhatsApp', now(), now())
    ON CONFLICT (student_code) DO UPDATE SET academic_coordinator_id = EXCLUDED.academic_coordinator_id, student_name = EXCLUDED.student_name, contact_number = EXCLUDED.contact_number, parent_phone = EXCLUDED.parent_phone, alternative_number = EXCLUDED.alternative_number, class_level = EXCLUDED.class_level, board = EXCLUDED.board, medium = EXCLUDED.medium, package_name = EXCLUDED.package_name, total_hours = EXCLUDED.total_hours, remaining_hours = EXCLUDED.remaining_hours, status = EXCLUDED.status, updated_at = now();
    INSERT INTO public.students (id, academic_coordinator_id, student_name, student_code, contact_number, parent_phone, alternative_number, messaging_number, class_level, board, medium, package_name, total_hours, remaining_hours, status, joined_at, source, created_at, updated_at)
    VALUES ('58000011-0000-4000-8000-00000000000b', 'e8888888-8888-4888-a888-888888888888', 'Shankari Nijith', 'FB02601395', '971509800203', '509800203', '509800203', 'contact', '7', 'CBSE', 'English', 'Customised', 8, 8, 'active', '2026-02-10', 'WhatsApp', now(), now())
    ON CONFLICT (student_code) DO UPDATE SET academic_coordinator_id = EXCLUDED.academic_coordinator_id, student_name = EXCLUDED.student_name, contact_number = EXCLUDED.contact_number, parent_phone = EXCLUDED.parent_phone, alternative_number = EXCLUDED.alternative_number, class_level = EXCLUDED.class_level, board = EXCLUDED.board, medium = EXCLUDED.medium, package_name = EXCLUDED.package_name, total_hours = EXCLUDED.total_hours, remaining_hours = EXCLUDED.remaining_hours, status = EXCLUDED.status, updated_at = now();
    INSERT INTO public.students (id, academic_coordinator_id, student_name, student_code, contact_number, parent_phone, alternative_number, messaging_number, class_level, board, medium, package_name, total_hours, remaining_hours, status, joined_at, source, created_at, updated_at)
    VALUES ('58000012-0000-4000-8000-00000000000c', 'e8888888-8888-4888-a888-888888888888', 'Minha', 'OT02501212', '966541299094', '541299094', '541299094', 'contact', '5', 'CBSE', 'English', 'Customised', 12, 12, 'active', '2025-10-20', 'WhatsApp', now(), now())
    ON CONFLICT (student_code) DO UPDATE SET academic_coordinator_id = EXCLUDED.academic_coordinator_id, student_name = EXCLUDED.student_name, contact_number = EXCLUDED.contact_number, parent_phone = EXCLUDED.parent_phone, alternative_number = EXCLUDED.alternative_number, class_level = EXCLUDED.class_level, board = EXCLUDED.board, medium = EXCLUDED.medium, package_name = EXCLUDED.package_name, total_hours = EXCLUDED.total_hours, remaining_hours = EXCLUDED.remaining_hours, status = EXCLUDED.status, updated_at = now();
    INSERT INTO public.students (id, academic_coordinator_id, student_name, student_code, contact_number, parent_phone, alternative_number, messaging_number, class_level, board, medium, package_name, total_hours, remaining_hours, status, joined_at, source, created_at, updated_at)
    VALUES ('58000013-0000-4000-8000-00000000000d', 'e8888888-8888-4888-a888-888888888888', 'Aditi Biljith', 'SP02501177', '971504501132', '504501132', '504501132', 'contact', '8', 'CBSE', 'English', 'Customised', 12, 12, 'active', '2025-10-06', 'WhatsApp', now(), now())
    ON CONFLICT (student_code) DO UPDATE SET academic_coordinator_id = EXCLUDED.academic_coordinator_id, student_name = EXCLUDED.student_name, contact_number = EXCLUDED.contact_number, parent_phone = EXCLUDED.parent_phone, alternative_number = EXCLUDED.alternative_number, class_level = EXCLUDED.class_level, board = EXCLUDED.board, medium = EXCLUDED.medium, package_name = EXCLUDED.package_name, total_hours = EXCLUDED.total_hours, remaining_hours = EXCLUDED.remaining_hours, status = EXCLUDED.status, updated_at = now();
    INSERT INTO public.students (id, academic_coordinator_id, student_name, student_code, contact_number, parent_phone, alternative_number, messaging_number, class_level, board, medium, package_name, total_hours, remaining_hours, status, joined_at, source, created_at, updated_at)
    VALUES ('58000014-0000-4000-8000-00000000000e', 'e8888888-8888-4888-a888-888888888888', 'Parvathy Ratheesh', 'SP02501182', '919645849593', '9645849593', '9645849593', 'contact', '1', 'CBSE', 'English', 'Monthly', 20, 20, 'active', '2025-09-30', 'WhatsApp', now(), now())
    ON CONFLICT (student_code) DO UPDATE SET academic_coordinator_id = EXCLUDED.academic_coordinator_id, student_name = EXCLUDED.student_name, contact_number = EXCLUDED.contact_number, parent_phone = EXCLUDED.parent_phone, alternative_number = EXCLUDED.alternative_number, class_level = EXCLUDED.class_level, board = EXCLUDED.board, medium = EXCLUDED.medium, package_name = EXCLUDED.package_name, total_hours = EXCLUDED.total_hours, remaining_hours = EXCLUDED.remaining_hours, status = EXCLUDED.status, updated_at = now();
    INSERT INTO public.students (id, academic_coordinator_id, student_name, student_code, contact_number, parent_phone, alternative_number, messaging_number, class_level, board, medium, package_name, total_hours, remaining_hours, status, joined_at, source, created_at, updated_at)
    VALUES ('58000015-0000-4000-8000-00000000000f', 'e8888888-8888-4888-a888-888888888888', 'Badrinath Ratheesh', 'SP02501183', '919645849593', '9645849593', '9645849593', 'contact', '6', 'CBSE', 'English', 'Monthly', 20, 20, 'active', '2025-09-30', 'WhatsApp', now(), now())
    ON CONFLICT (student_code) DO UPDATE SET academic_coordinator_id = EXCLUDED.academic_coordinator_id, student_name = EXCLUDED.student_name, contact_number = EXCLUDED.contact_number, parent_phone = EXCLUDED.parent_phone, alternative_number = EXCLUDED.alternative_number, class_level = EXCLUDED.class_level, board = EXCLUDED.board, medium = EXCLUDED.medium, package_name = EXCLUDED.package_name, total_hours = EXCLUDED.total_hours, remaining_hours = EXCLUDED.remaining_hours, status = EXCLUDED.status, updated_at = now();
    INSERT INTO public.students (id, academic_coordinator_id, student_name, student_code, contact_number, parent_phone, alternative_number, messaging_number, class_level, board, medium, package_name, total_hours, remaining_hours, status, joined_at, source, created_at, updated_at)
    VALUES ('58000016-0000-4000-8000-000000000010', 'e8888888-8888-4888-a888-888888888888', 'Edwin georg', 'JN02601367', '971504251017', '504251017', '504251017', 'contact', '7', 'CBSE', 'English', 'Customised', 40, 40, 'active', '2026-01-20', 'WhatsApp', now(), now())
    ON CONFLICT (student_code) DO UPDATE SET academic_coordinator_id = EXCLUDED.academic_coordinator_id, student_name = EXCLUDED.student_name, contact_number = EXCLUDED.contact_number, parent_phone = EXCLUDED.parent_phone, alternative_number = EXCLUDED.alternative_number, class_level = EXCLUDED.class_level, board = EXCLUDED.board, medium = EXCLUDED.medium, package_name = EXCLUDED.package_name, total_hours = EXCLUDED.total_hours, remaining_hours = EXCLUDED.remaining_hours, status = EXCLUDED.status, updated_at = now();
    INSERT INTO public.students (id, academic_coordinator_id, student_name, student_code, contact_number, parent_phone, alternative_number, messaging_number, class_level, board, medium, package_name, total_hours, remaining_hours, status, joined_at, source, created_at, updated_at)
    VALUES ('58000017-0000-4000-8000-000000000011', 'e8888888-8888-4888-a888-888888888888', 'Zaman', 'NV02501248', '971525850055', '525850055', '525850055', 'contact', '4', 'CBSE', 'English', 'Monthly', 20, 20, 'active', '2025-11-10', 'WhatsApp', now(), now())
    ON CONFLICT (student_code) DO UPDATE SET academic_coordinator_id = EXCLUDED.academic_coordinator_id, student_name = EXCLUDED.student_name, contact_number = EXCLUDED.contact_number, parent_phone = EXCLUDED.parent_phone, alternative_number = EXCLUDED.alternative_number, class_level = EXCLUDED.class_level, board = EXCLUDED.board, medium = EXCLUDED.medium, package_name = EXCLUDED.package_name, total_hours = EXCLUDED.total_hours, remaining_hours = EXCLUDED.remaining_hours, status = EXCLUDED.status, updated_at = now();
    INSERT INTO public.students (id, academic_coordinator_id, student_name, student_code, contact_number, parent_phone, alternative_number, messaging_number, class_level, board, medium, package_name, total_hours, remaining_hours, status, joined_at, source, created_at, updated_at)
    VALUES ('58000018-0000-4000-8000-000000000012', 'e8888888-8888-4888-a888-888888888888', 'Akshitha Tess joel', 'DC02501323', '971507659622', '507659622', '507659622', 'contact', '6', 'CBSE', 'English', 'Monthly', 20, 20, 'active', '2026-01-04', 'WhatsApp', now(), now())
    ON CONFLICT (student_code) DO UPDATE SET academic_coordinator_id = EXCLUDED.academic_coordinator_id, student_name = EXCLUDED.student_name, contact_number = EXCLUDED.contact_number, parent_phone = EXCLUDED.parent_phone, alternative_number = EXCLUDED.alternative_number, class_level = EXCLUDED.class_level, board = EXCLUDED.board, medium = EXCLUDED.medium, package_name = EXCLUDED.package_name, total_hours = EXCLUDED.total_hours, remaining_hours = EXCLUDED.remaining_hours, status = EXCLUDED.status, updated_at = now();
    INSERT INTO public.students (id, academic_coordinator_id, student_name, student_code, contact_number, parent_phone, alternative_number, messaging_number, class_level, board, medium, package_name, total_hours, remaining_hours, status, joined_at, source, created_at, updated_at)
    VALUES ('58000019-0000-4000-8000-000000000013', 'e8888888-8888-4888-a888-888888888888', 'Bhagath', 'OT02501199', '971553045116', '553045116', '553045116', 'contact', '8', 'CBSE', 'English', 'Monthly', 20, 20, 'active', '2025-10-05', 'WhatsApp', now(), now())
    ON CONFLICT (student_code) DO UPDATE SET academic_coordinator_id = EXCLUDED.academic_coordinator_id, student_name = EXCLUDED.student_name, contact_number = EXCLUDED.contact_number, parent_phone = EXCLUDED.parent_phone, alternative_number = EXCLUDED.alternative_number, class_level = EXCLUDED.class_level, board = EXCLUDED.board, medium = EXCLUDED.medium, package_name = EXCLUDED.package_name, total_hours = EXCLUDED.total_hours, remaining_hours = EXCLUDED.remaining_hours, status = EXCLUDED.status, updated_at = now();
    INSERT INTO public.students (id, academic_coordinator_id, student_name, student_code, contact_number, parent_phone, alternative_number, messaging_number, class_level, board, medium, package_name, total_hours, remaining_hours, status, joined_at, source, created_at, updated_at)
    VALUES ('58000020-0000-4000-8000-000000000014', 'e8888888-8888-4888-a888-888888888888', 'Bharath', 'OT02501198', '971553045116', '553045116', '553045116', 'contact', '7', 'CBSE', 'English', 'Monthly', 20, 20, 'active', '2025-10-05', 'WhatsApp', now(), now())
    ON CONFLICT (student_code) DO UPDATE SET academic_coordinator_id = EXCLUDED.academic_coordinator_id, student_name = EXCLUDED.student_name, contact_number = EXCLUDED.contact_number, parent_phone = EXCLUDED.parent_phone, alternative_number = EXCLUDED.alternative_number, class_level = EXCLUDED.class_level, board = EXCLUDED.board, medium = EXCLUDED.medium, package_name = EXCLUDED.package_name, total_hours = EXCLUDED.total_hours, remaining_hours = EXCLUDED.remaining_hours, status = EXCLUDED.status, updated_at = now();
    INSERT INTO public.students (id, academic_coordinator_id, student_name, student_code, contact_number, parent_phone, alternative_number, messaging_number, class_level, board, medium, package_name, total_hours, remaining_hours, status, joined_at, source, created_at, updated_at)
    VALUES ('58000021-0000-4000-8000-000000000015', 'e8888888-8888-4888-a888-888888888888', 'Shefin Yasar', 'NV02501238', '966540365011', '540365011', '540365011', 'contact', '7', 'CBSE', 'English', 'Monthly', 20, 20, 'active', '2025-11-03', 'WhatsApp', now(), now())
    ON CONFLICT (student_code) DO UPDATE SET academic_coordinator_id = EXCLUDED.academic_coordinator_id, student_name = EXCLUDED.student_name, contact_number = EXCLUDED.contact_number, parent_phone = EXCLUDED.parent_phone, alternative_number = EXCLUDED.alternative_number, class_level = EXCLUDED.class_level, board = EXCLUDED.board, medium = EXCLUDED.medium, package_name = EXCLUDED.package_name, total_hours = EXCLUDED.total_hours, remaining_hours = EXCLUDED.remaining_hours, status = EXCLUDED.status, updated_at = now();
    INSERT INTO public.students (id, academic_coordinator_id, student_name, student_code, contact_number, parent_phone, alternative_number, messaging_number, class_level, board, medium, package_name, total_hours, remaining_hours, status, joined_at, source, created_at, updated_at)
    VALUES ('58000022-0000-4000-8000-000000000016', 'e8888888-8888-4888-a888-888888888888', 'Mehrin.', 'OT02501193', '966541299094', '541299094', '541299094', 'contact', '2', 'CBSE', 'English', 'Monthly', 20, 20, 'active', '2026-10-19', 'WhatsApp', now(), now())
    ON CONFLICT (student_code) DO UPDATE SET academic_coordinator_id = EXCLUDED.academic_coordinator_id, student_name = EXCLUDED.student_name, contact_number = EXCLUDED.contact_number, parent_phone = EXCLUDED.parent_phone, alternative_number = EXCLUDED.alternative_number, class_level = EXCLUDED.class_level, board = EXCLUDED.board, medium = EXCLUDED.medium, package_name = EXCLUDED.package_name, total_hours = EXCLUDED.total_hours, remaining_hours = EXCLUDED.remaining_hours, status = EXCLUDED.status, updated_at = now();
    INSERT INTO public.students (id, academic_coordinator_id, student_name, student_code, contact_number, parent_phone, alternative_number, messaging_number, class_level, board, medium, package_name, total_hours, remaining_hours, status, joined_at, source, created_at, updated_at)
    VALUES ('58000023-0000-4000-8000-000000000017', 'e8888888-8888-4888-a888-888888888888', 'Carolin', 'DC02501316', '966556878470', '553672886', '553672886', 'contact', '12', 'CBSE', 'English', 'Customised', 24, 24, 'active', '2026-12-23', 'WhatsApp', now(), now())
    ON CONFLICT (student_code) DO UPDATE SET academic_coordinator_id = EXCLUDED.academic_coordinator_id, student_name = EXCLUDED.student_name, contact_number = EXCLUDED.contact_number, parent_phone = EXCLUDED.parent_phone, alternative_number = EXCLUDED.alternative_number, class_level = EXCLUDED.class_level, board = EXCLUDED.board, medium = EXCLUDED.medium, package_name = EXCLUDED.package_name, total_hours = EXCLUDED.total_hours, remaining_hours = EXCLUDED.remaining_hours, status = EXCLUDED.status, updated_at = now();
    INSERT INTO public.students (id, academic_coordinator_id, student_name, student_code, contact_number, parent_phone, alternative_number, messaging_number, class_level, board, medium, package_name, total_hours, remaining_hours, status, joined_at, source, created_at, updated_at)
    VALUES ('58000024-0000-4000-8000-000000000018', 'e8888888-8888-4888-a888-888888888888', 'Moses Kollanur', 'SP02501159', '96898848033', '98848033', '98848033', 'contact', '1', 'CBSE', 'English', 'Monthly', 20, 20, 'active', '2025-10-03', 'WhatsApp', now(), now())
    ON CONFLICT (student_code) DO UPDATE SET academic_coordinator_id = EXCLUDED.academic_coordinator_id, student_name = EXCLUDED.student_name, contact_number = EXCLUDED.contact_number, parent_phone = EXCLUDED.parent_phone, alternative_number = EXCLUDED.alternative_number, class_level = EXCLUDED.class_level, board = EXCLUDED.board, medium = EXCLUDED.medium, package_name = EXCLUDED.package_name, total_hours = EXCLUDED.total_hours, remaining_hours = EXCLUDED.remaining_hours, status = EXCLUDED.status, updated_at = now();
    INSERT INTO public.students (id, academic_coordinator_id, student_name, student_code, contact_number, parent_phone, alternative_number, messaging_number, class_level, board, medium, package_name, total_hours, remaining_hours, status, joined_at, source, created_at, updated_at)
    VALUES ('58000025-0000-4000-8000-000000000019', 'e8888888-8888-4888-a888-888888888888', 'Muhammed Fidan', 'DC02501278', '919745508214', '9745508214', '9745508214', 'contact', '12', 'CBSE', 'English', 'Monthly', 8, 8, 'active', '2025-12-03', 'WhatsApp', now(), now())
    ON CONFLICT (student_code) DO UPDATE SET academic_coordinator_id = EXCLUDED.academic_coordinator_id, student_name = EXCLUDED.student_name, contact_number = EXCLUDED.contact_number, parent_phone = EXCLUDED.parent_phone, alternative_number = EXCLUDED.alternative_number, class_level = EXCLUDED.class_level, board = EXCLUDED.board, medium = EXCLUDED.medium, package_name = EXCLUDED.package_name, total_hours = EXCLUDED.total_hours, remaining_hours = EXCLUDED.remaining_hours, status = EXCLUDED.status, updated_at = now();
    INSERT INTO public.students (id, academic_coordinator_id, student_name, student_code, contact_number, parent_phone, alternative_number, messaging_number, class_level, board, medium, package_name, total_hours, remaining_hours, status, joined_at, source, created_at, updated_at)
    VALUES ('58000026-0000-4000-8000-00000000001a', 'e8888888-8888-4888-a888-888888888888', 'Adith Benoy', 'OT02501203', '96899873767', '96569434', '96569434', 'contact', '9', 'CBSE', 'English', 'Customised', 24, 24, 'active', '2025-10-08', 'WhatsApp', now(), now())
    ON CONFLICT (student_code) DO UPDATE SET academic_coordinator_id = EXCLUDED.academic_coordinator_id, student_name = EXCLUDED.student_name, contact_number = EXCLUDED.contact_number, parent_phone = EXCLUDED.parent_phone, alternative_number = EXCLUDED.alternative_number, class_level = EXCLUDED.class_level, board = EXCLUDED.board, medium = EXCLUDED.medium, package_name = EXCLUDED.package_name, total_hours = EXCLUDED.total_hours, remaining_hours = EXCLUDED.remaining_hours, status = EXCLUDED.status, updated_at = now();
    INSERT INTO public.students (id, academic_coordinator_id, student_name, student_code, contact_number, parent_phone, alternative_number, messaging_number, class_level, board, medium, package_name, total_hours, remaining_hours, status, joined_at, source, created_at, updated_at)
    VALUES ('58000027-0000-4000-8000-00000000001b', 'e8888888-8888-4888-a888-888888888888', 'Rinosh', 'FB02601407', '919846312760', '9846312760', '9846312760', 'contact', '10', 'STATE', 'English', 'Monthly', 20, 20, 'active', '2025-02-21', 'WhatsApp', now(), now())
    ON CONFLICT (student_code) DO UPDATE SET academic_coordinator_id = EXCLUDED.academic_coordinator_id, student_name = EXCLUDED.student_name, contact_number = EXCLUDED.contact_number, parent_phone = EXCLUDED.parent_phone, alternative_number = EXCLUDED.alternative_number, class_level = EXCLUDED.class_level, board = EXCLUDED.board, medium = EXCLUDED.medium, package_name = EXCLUDED.package_name, total_hours = EXCLUDED.total_hours, remaining_hours = EXCLUDED.remaining_hours, status = EXCLUDED.status, updated_at = now();
    INSERT INTO public.students (id, academic_coordinator_id, student_name, student_code, contact_number, parent_phone, alternative_number, messaging_number, class_level, board, medium, package_name, total_hours, remaining_hours, status, joined_at, source, created_at, updated_at)
    VALUES ('58000028-0000-4000-8000-00000000001c', 'e8888888-8888-4888-a888-888888888888', 'Noel Jinobi', 'OT02501210', '919562212679', '9562212679', '9562212679', 'contact', '4', 'CBSE', 'English', 'Monthly', 20, 20, 'active', '2025-10-12', 'WhatsApp', now(), now())
    ON CONFLICT (student_code) DO UPDATE SET academic_coordinator_id = EXCLUDED.academic_coordinator_id, student_name = EXCLUDED.student_name, contact_number = EXCLUDED.contact_number, parent_phone = EXCLUDED.parent_phone, alternative_number = EXCLUDED.alternative_number, class_level = EXCLUDED.class_level, board = EXCLUDED.board, medium = EXCLUDED.medium, package_name = EXCLUDED.package_name, total_hours = EXCLUDED.total_hours, remaining_hours = EXCLUDED.remaining_hours, status = EXCLUDED.status, updated_at = now();
    INSERT INTO public.students (id, academic_coordinator_id, student_name, student_code, contact_number, parent_phone, alternative_number, messaging_number, class_level, board, medium, package_name, total_hours, remaining_hours, status, joined_at, source, created_at, updated_at)
    VALUES ('58000029-0000-4000-8000-00000000001d', 'e8888888-8888-4888-a888-888888888888', 'Jenia Jinobi', 'OT02501211', '919562212679', '9562212679', '9562212679', 'contact', '7', 'CBSE', 'English', 'Monthly', 20, 20, 'active', '2025-10-12', 'WhatsApp', now(), now())
    ON CONFLICT (student_code) DO UPDATE SET academic_coordinator_id = EXCLUDED.academic_coordinator_id, student_name = EXCLUDED.student_name, contact_number = EXCLUDED.contact_number, parent_phone = EXCLUDED.parent_phone, alternative_number = EXCLUDED.alternative_number, class_level = EXCLUDED.class_level, board = EXCLUDED.board, medium = EXCLUDED.medium, package_name = EXCLUDED.package_name, total_hours = EXCLUDED.total_hours, remaining_hours = EXCLUDED.remaining_hours, status = EXCLUDED.status, updated_at = now();
    INSERT INTO public.students (id, academic_coordinator_id, student_name, student_code, contact_number, parent_phone, alternative_number, messaging_number, class_level, board, medium, package_name, total_hours, remaining_hours, status, joined_at, source, created_at, updated_at)
    VALUES ('58000030-0000-4000-8000-00000000001e', 'e8888888-8888-4888-a888-888888888888', 'Ayesha Minha', 'FB02601385', '917736516556', '7736516556', '7736516556', 'contact', '2', 'STATE', 'English', 'Monthly', 20, 20, 'active', '2025-12-08', 'WhatsApp', now(), now())
    ON CONFLICT (student_code) DO UPDATE SET academic_coordinator_id = EXCLUDED.academic_coordinator_id, student_name = EXCLUDED.student_name, contact_number = EXCLUDED.contact_number, parent_phone = EXCLUDED.parent_phone, alternative_number = EXCLUDED.alternative_number, class_level = EXCLUDED.class_level, board = EXCLUDED.board, medium = EXCLUDED.medium, package_name = EXCLUDED.package_name, total_hours = EXCLUDED.total_hours, remaining_hours = EXCLUDED.remaining_hours, status = EXCLUDED.status, updated_at = now();
    INSERT INTO public.students (id, academic_coordinator_id, student_name, student_code, contact_number, parent_phone, alternative_number, messaging_number, class_level, board, medium, package_name, total_hours, remaining_hours, status, joined_at, source, created_at, updated_at)
    VALUES ('58000031-0000-4000-8000-00000000001f', 'e8888888-8888-4888-a888-888888888888', 'Afnan Riyas', 'OT02501217', '971569719461', '569719461', '569719461', 'contact', '9', 'CBSE', 'English', 'Monthly', 20, 20, 'active', '2025-10-13', 'WhatsApp', now(), now())
    ON CONFLICT (student_code) DO UPDATE SET academic_coordinator_id = EXCLUDED.academic_coordinator_id, student_name = EXCLUDED.student_name, contact_number = EXCLUDED.contact_number, parent_phone = EXCLUDED.parent_phone, alternative_number = EXCLUDED.alternative_number, class_level = EXCLUDED.class_level, board = EXCLUDED.board, medium = EXCLUDED.medium, package_name = EXCLUDED.package_name, total_hours = EXCLUDED.total_hours, remaining_hours = EXCLUDED.remaining_hours, status = EXCLUDED.status, updated_at = now();
    INSERT INTO public.students (id, academic_coordinator_id, student_name, student_code, contact_number, parent_phone, alternative_number, messaging_number, class_level, board, medium, package_name, total_hours, remaining_hours, status, joined_at, source, created_at, updated_at)
    VALUES ('58000032-0000-4000-8000-000000000020', 'e8888888-8888-4888-a888-888888888888', 'Thejasree', 'MR0250815', '96879722381', '79722381', '79722381', 'contact', '7', 'CBSE', 'English', 'Customised', 130, 130, 'active', '2025-10-26', 'WhatsApp', now(), now())
    ON CONFLICT (student_code) DO UPDATE SET academic_coordinator_id = EXCLUDED.academic_coordinator_id, student_name = EXCLUDED.student_name, contact_number = EXCLUDED.contact_number, parent_phone = EXCLUDED.parent_phone, alternative_number = EXCLUDED.alternative_number, class_level = EXCLUDED.class_level, board = EXCLUDED.board, medium = EXCLUDED.medium, package_name = EXCLUDED.package_name, total_hours = EXCLUDED.total_hours, remaining_hours = EXCLUDED.remaining_hours, status = EXCLUDED.status, updated_at = now();
    INSERT INTO public.students (id, academic_coordinator_id, student_name, student_code, contact_number, parent_phone, alternative_number, messaging_number, class_level, board, medium, package_name, total_hours, remaining_hours, status, joined_at, source, created_at, updated_at)
    VALUES ('58000033-0000-4000-8000-000000000021', 'e8888888-8888-4888-a888-888888888888', 'Evana jijo', 'JN02601377', '971521196286', '521196286', '559879585', 'contact', '3', 'CBSE', 'English', 'Monthly', 20, 20, 'active', '2026-01-31', 'WhatsApp', now(), now())
    ON CONFLICT (student_code) DO UPDATE SET academic_coordinator_id = EXCLUDED.academic_coordinator_id, student_name = EXCLUDED.student_name, contact_number = EXCLUDED.contact_number, parent_phone = EXCLUDED.parent_phone, alternative_number = EXCLUDED.alternative_number, class_level = EXCLUDED.class_level, board = EXCLUDED.board, medium = EXCLUDED.medium, package_name = EXCLUDED.package_name, total_hours = EXCLUDED.total_hours, remaining_hours = EXCLUDED.remaining_hours, status = EXCLUDED.status, updated_at = now();
    INSERT INTO public.students (id, academic_coordinator_id, student_name, student_code, contact_number, parent_phone, alternative_number, messaging_number, class_level, board, medium, package_name, total_hours, remaining_hours, status, joined_at, source, created_at, updated_at)
    VALUES ('58000034-0000-4000-8000-000000000022', 'e8888888-8888-4888-a888-888888888888', 'Kausthub Dineesh', 'DC02501326', '971524803567', '524803567', '524803567', 'contact', '12', 'CBSE', 'English', 'Monthly', 10, 10, 'active', '2026-01-14', 'WhatsApp', now(), now())
    ON CONFLICT (student_code) DO UPDATE SET academic_coordinator_id = EXCLUDED.academic_coordinator_id, student_name = EXCLUDED.student_name, contact_number = EXCLUDED.contact_number, parent_phone = EXCLUDED.parent_phone, alternative_number = EXCLUDED.alternative_number, class_level = EXCLUDED.class_level, board = EXCLUDED.board, medium = EXCLUDED.medium, package_name = EXCLUDED.package_name, total_hours = EXCLUDED.total_hours, remaining_hours = EXCLUDED.remaining_hours, status = EXCLUDED.status, updated_at = now();
    INSERT INTO public.students (id, academic_coordinator_id, student_name, student_code, contact_number, parent_phone, alternative_number, messaging_number, class_level, board, medium, package_name, total_hours, remaining_hours, status, joined_at, source, created_at, updated_at)
    VALUES ('58000035-0000-4000-8000-000000000023', 'e8888888-8888-4888-a888-888888888888', 'Rebecca Susen', 'NV02501243', '971507317835', '507317835', '507317835', 'contact', '7', 'CBSE', 'English', 'Monthly', 8, 8, 'active', '2025-11-04', 'WhatsApp', now(), now())
    ON CONFLICT (student_code) DO UPDATE SET academic_coordinator_id = EXCLUDED.academic_coordinator_id, student_name = EXCLUDED.student_name, contact_number = EXCLUDED.contact_number, parent_phone = EXCLUDED.parent_phone, alternative_number = EXCLUDED.alternative_number, class_level = EXCLUDED.class_level, board = EXCLUDED.board, medium = EXCLUDED.medium, package_name = EXCLUDED.package_name, total_hours = EXCLUDED.total_hours, remaining_hours = EXCLUDED.remaining_hours, status = EXCLUDED.status, updated_at = now();
    INSERT INTO public.students (id, academic_coordinator_id, student_name, student_code, contact_number, parent_phone, alternative_number, messaging_number, class_level, board, medium, package_name, total_hours, remaining_hours, status, joined_at, source, created_at, updated_at)
    VALUES ('58000036-0000-4000-8000-000000000024', 'e8888888-8888-4888-a888-888888888888', 'Sinan', 'NV02501244', '91790248548', '790248548', '790248548', 'contact', '10', 'STATE', 'English', 'Customised', 12, 12, 'active', '2025-11-05', 'WhatsApp', now(), now())
    ON CONFLICT (student_code) DO UPDATE SET academic_coordinator_id = EXCLUDED.academic_coordinator_id, student_name = EXCLUDED.student_name, contact_number = EXCLUDED.contact_number, parent_phone = EXCLUDED.parent_phone, alternative_number = EXCLUDED.alternative_number, class_level = EXCLUDED.class_level, board = EXCLUDED.board, medium = EXCLUDED.medium, package_name = EXCLUDED.package_name, total_hours = EXCLUDED.total_hours, remaining_hours = EXCLUDED.remaining_hours, status = EXCLUDED.status, updated_at = now();
    INSERT INTO public.students (id, academic_coordinator_id, student_name, student_code, contact_number, parent_phone, alternative_number, messaging_number, class_level, board, medium, package_name, total_hours, remaining_hours, status, joined_at, source, created_at, updated_at)
    VALUES ('58000037-0000-4000-8000-000000000025', 'e8888888-8888-4888-a888-888888888888', 'Janaki', 'NV02501245', '971554183264', '554183264', '554183264', 'contact', '9', 'CBSE', 'English', 'Monthly', 20, 20, 'active', '2025-11-08', 'WhatsApp', now(), now())
    ON CONFLICT (student_code) DO UPDATE SET academic_coordinator_id = EXCLUDED.academic_coordinator_id, student_name = EXCLUDED.student_name, contact_number = EXCLUDED.contact_number, parent_phone = EXCLUDED.parent_phone, alternative_number = EXCLUDED.alternative_number, class_level = EXCLUDED.class_level, board = EXCLUDED.board, medium = EXCLUDED.medium, package_name = EXCLUDED.package_name, total_hours = EXCLUDED.total_hours, remaining_hours = EXCLUDED.remaining_hours, status = EXCLUDED.status, updated_at = now();
    INSERT INTO public.students (id, academic_coordinator_id, student_name, student_code, contact_number, parent_phone, alternative_number, messaging_number, class_level, board, medium, package_name, total_hours, remaining_hours, status, joined_at, source, created_at, updated_at)
    VALUES ('58000038-0000-4000-8000-000000000026', 'e8888888-8888-4888-a888-888888888888', 'Ryhan Sabi', 'NV02501249', '919061842255', '9061842255', '9061842255', 'contact', '9', 'STATE', 'English', 'Monthly', 20, 20, 'active', '2025-11-14', 'WhatsApp', now(), now())
    ON CONFLICT (student_code) DO UPDATE SET academic_coordinator_id = EXCLUDED.academic_coordinator_id, student_name = EXCLUDED.student_name, contact_number = EXCLUDED.contact_number, parent_phone = EXCLUDED.parent_phone, alternative_number = EXCLUDED.alternative_number, class_level = EXCLUDED.class_level, board = EXCLUDED.board, medium = EXCLUDED.medium, package_name = EXCLUDED.package_name, total_hours = EXCLUDED.total_hours, remaining_hours = EXCLUDED.remaining_hours, status = EXCLUDED.status, updated_at = now();
    INSERT INTO public.students (id, academic_coordinator_id, student_name, student_code, contact_number, parent_phone, alternative_number, messaging_number, class_level, board, medium, package_name, total_hours, remaining_hours, status, joined_at, source, created_at, updated_at)
    VALUES ('58000039-0000-4000-8000-000000000027', 'e8888888-8888-4888-a888-888888888888', 'Nadhal sabi', 'NV02501250', '919061842255', '9061842255', '9061842255', 'contact', '4', 'STATE', 'English', 'Monthly', 20, 20, 'active', '2025-11-14', 'WhatsApp', now(), now())
    ON CONFLICT (student_code) DO UPDATE SET academic_coordinator_id = EXCLUDED.academic_coordinator_id, student_name = EXCLUDED.student_name, contact_number = EXCLUDED.contact_number, parent_phone = EXCLUDED.parent_phone, alternative_number = EXCLUDED.alternative_number, class_level = EXCLUDED.class_level, board = EXCLUDED.board, medium = EXCLUDED.medium, package_name = EXCLUDED.package_name, total_hours = EXCLUDED.total_hours, remaining_hours = EXCLUDED.remaining_hours, status = EXCLUDED.status, updated_at = now();
    INSERT INTO public.students (id, academic_coordinator_id, student_name, student_code, contact_number, parent_phone, alternative_number, messaging_number, class_level, board, medium, package_name, total_hours, remaining_hours, status, joined_at, source, created_at, updated_at)
    VALUES ('58000040-0000-4000-8000-000000000028', 'e8888888-8888-4888-a888-888888888888', 'Gautham Menon', 'NV02501251', '919746821422', '9746821422', '9746821422', 'contact', '5', 'CBSE', 'English', 'Monthly', 20, 20, 'active', '2025-11-16', 'WhatsApp', now(), now())
    ON CONFLICT (student_code) DO UPDATE SET academic_coordinator_id = EXCLUDED.academic_coordinator_id, student_name = EXCLUDED.student_name, contact_number = EXCLUDED.contact_number, parent_phone = EXCLUDED.parent_phone, alternative_number = EXCLUDED.alternative_number, class_level = EXCLUDED.class_level, board = EXCLUDED.board, medium = EXCLUDED.medium, package_name = EXCLUDED.package_name, total_hours = EXCLUDED.total_hours, remaining_hours = EXCLUDED.remaining_hours, status = EXCLUDED.status, updated_at = now();
    INSERT INTO public.students (id, academic_coordinator_id, student_name, student_code, contact_number, parent_phone, alternative_number, messaging_number, class_level, board, medium, package_name, total_hours, remaining_hours, status, joined_at, source, created_at, updated_at)
    VALUES ('58000041-0000-4000-8000-000000000029', 'e8888888-8888-4888-a888-888888888888', 'Sanvi', 'NV02501255', '971557131567', '557131567', '557131567', 'contact', '6', 'CBSE', 'English', 'Customised', 24, 24, 'active', '2025-11-15', 'WhatsApp', now(), now())
    ON CONFLICT (student_code) DO UPDATE SET academic_coordinator_id = EXCLUDED.academic_coordinator_id, student_name = EXCLUDED.student_name, contact_number = EXCLUDED.contact_number, parent_phone = EXCLUDED.parent_phone, alternative_number = EXCLUDED.alternative_number, class_level = EXCLUDED.class_level, board = EXCLUDED.board, medium = EXCLUDED.medium, package_name = EXCLUDED.package_name, total_hours = EXCLUDED.total_hours, remaining_hours = EXCLUDED.remaining_hours, status = EXCLUDED.status, updated_at = now();
    INSERT INTO public.students (id, academic_coordinator_id, student_name, student_code, contact_number, parent_phone, alternative_number, messaging_number, class_level, board, medium, package_name, total_hours, remaining_hours, status, joined_at, source, created_at, updated_at)
    VALUES ('58000042-0000-4000-8000-00000000002a', 'e8888888-8888-4888-a888-888888888888', 'Anjali', 'DC02501320', '918547710334', '8547710334', '8547710334', 'contact', '4', 'CBSE', 'English', 'Monthly', 20, 20, 'active', '2025-12-28', 'WhatsApp', now(), now())
    ON CONFLICT (student_code) DO UPDATE SET academic_coordinator_id = EXCLUDED.academic_coordinator_id, student_name = EXCLUDED.student_name, contact_number = EXCLUDED.contact_number, parent_phone = EXCLUDED.parent_phone, alternative_number = EXCLUDED.alternative_number, class_level = EXCLUDED.class_level, board = EXCLUDED.board, medium = EXCLUDED.medium, package_name = EXCLUDED.package_name, total_hours = EXCLUDED.total_hours, remaining_hours = EXCLUDED.remaining_hours, status = EXCLUDED.status, updated_at = now();
    INSERT INTO public.students (id, academic_coordinator_id, student_name, student_code, contact_number, parent_phone, alternative_number, messaging_number, class_level, board, medium, package_name, total_hours, remaining_hours, status, joined_at, source, created_at, updated_at)
    VALUES ('58000043-0000-4000-8000-00000000002b', 'e8888888-8888-4888-a888-888888888888', 'Fijas Muhammed', 'NV02501263', '918113005149', '8113005149', '8113005149', 'contact', '6', 'CBSE', 'English', 'Customised', 8, 8, 'active', '2025-11-19', 'WhatsApp', now(), now())
    ON CONFLICT (student_code) DO UPDATE SET academic_coordinator_id = EXCLUDED.academic_coordinator_id, student_name = EXCLUDED.student_name, contact_number = EXCLUDED.contact_number, parent_phone = EXCLUDED.parent_phone, alternative_number = EXCLUDED.alternative_number, class_level = EXCLUDED.class_level, board = EXCLUDED.board, medium = EXCLUDED.medium, package_name = EXCLUDED.package_name, total_hours = EXCLUDED.total_hours, remaining_hours = EXCLUDED.remaining_hours, status = EXCLUDED.status, updated_at = now();
    INSERT INTO public.students (id, academic_coordinator_id, student_name, student_code, contact_number, parent_phone, alternative_number, messaging_number, class_level, board, medium, package_name, total_hours, remaining_hours, status, joined_at, source, created_at, updated_at)
    VALUES ('58000044-0000-4000-8000-00000000002c', 'e8888888-8888-4888-a888-888888888888', 'Rimanika', 'SP02501168', '919447976237', '9447976237', '9447976237', 'contact', '13', 'CBSE', 'English', 'Customised', 8, 8, 'active', '2025-11-24', 'WhatsApp', now(), now())
    ON CONFLICT (student_code) DO UPDATE SET academic_coordinator_id = EXCLUDED.academic_coordinator_id, student_name = EXCLUDED.student_name, contact_number = EXCLUDED.contact_number, parent_phone = EXCLUDED.parent_phone, alternative_number = EXCLUDED.alternative_number, class_level = EXCLUDED.class_level, board = EXCLUDED.board, medium = EXCLUDED.medium, package_name = EXCLUDED.package_name, total_hours = EXCLUDED.total_hours, remaining_hours = EXCLUDED.remaining_hours, status = EXCLUDED.status, updated_at = now();
    INSERT INTO public.students (id, academic_coordinator_id, student_name, student_code, contact_number, parent_phone, alternative_number, messaging_number, class_level, board, medium, package_name, total_hours, remaining_hours, status, joined_at, source, created_at, updated_at)
    VALUES ('58000045-0000-4000-8000-00000000002d', 'e8888888-8888-4888-a888-888888888888', 'Ayesha Riza', 'NV02501273', '919946337877', '9946337877', '9946337877', 'contact', '4', 'CBSE', 'English', 'Customised', 8, 8, 'active', '2025-10-28', 'WhatsApp', now(), now())
    ON CONFLICT (student_code) DO UPDATE SET academic_coordinator_id = EXCLUDED.academic_coordinator_id, student_name = EXCLUDED.student_name, contact_number = EXCLUDED.contact_number, parent_phone = EXCLUDED.parent_phone, alternative_number = EXCLUDED.alternative_number, class_level = EXCLUDED.class_level, board = EXCLUDED.board, medium = EXCLUDED.medium, package_name = EXCLUDED.package_name, total_hours = EXCLUDED.total_hours, remaining_hours = EXCLUDED.remaining_hours, status = EXCLUDED.status, updated_at = now();
    INSERT INTO public.students (id, academic_coordinator_id, student_name, student_code, contact_number, parent_phone, alternative_number, messaging_number, class_level, board, medium, package_name, total_hours, remaining_hours, status, joined_at, source, created_at, updated_at)
    VALUES ('58000046-0000-4000-8000-00000000002e', 'e8888888-8888-4888-a888-888888888888', 'Hilal', 'SP0240512', '971503696689', '503696689', '501242654', 'contact', '10', 'STATE', 'English', 'Customised', 65, 65, 'active', '2025-12-08', 'WhatsApp', now(), now())
    ON CONFLICT (student_code) DO UPDATE SET academic_coordinator_id = EXCLUDED.academic_coordinator_id, student_name = EXCLUDED.student_name, contact_number = EXCLUDED.contact_number, parent_phone = EXCLUDED.parent_phone, alternative_number = EXCLUDED.alternative_number, class_level = EXCLUDED.class_level, board = EXCLUDED.board, medium = EXCLUDED.medium, package_name = EXCLUDED.package_name, total_hours = EXCLUDED.total_hours, remaining_hours = EXCLUDED.remaining_hours, status = EXCLUDED.status, updated_at = now();
    INSERT INTO public.students (id, academic_coordinator_id, student_name, student_code, contact_number, parent_phone, alternative_number, messaging_number, class_level, board, medium, package_name, total_hours, remaining_hours, status, joined_at, source, created_at, updated_at)
    VALUES ('58000047-0000-4000-8000-00000000002f', 'e8888888-8888-4888-a888-888888888888', 'Aaradhya VV', 'DC02501295', '919544940888', '9544940888', '9544940888', 'contact', '4', 'CBSE', 'English', 'Customised', 16, 16, 'active', '2025-12-11', 'WhatsApp', now(), now())
    ON CONFLICT (student_code) DO UPDATE SET academic_coordinator_id = EXCLUDED.academic_coordinator_id, student_name = EXCLUDED.student_name, contact_number = EXCLUDED.contact_number, parent_phone = EXCLUDED.parent_phone, alternative_number = EXCLUDED.alternative_number, class_level = EXCLUDED.class_level, board = EXCLUDED.board, medium = EXCLUDED.medium, package_name = EXCLUDED.package_name, total_hours = EXCLUDED.total_hours, remaining_hours = EXCLUDED.remaining_hours, status = EXCLUDED.status, updated_at = now();
    INSERT INTO public.students (id, academic_coordinator_id, student_name, student_code, contact_number, parent_phone, alternative_number, messaging_number, class_level, board, medium, package_name, total_hours, remaining_hours, status, joined_at, source, created_at, updated_at)
    VALUES ('58000048-0000-4000-8000-000000000030', 'e8888888-8888-4888-a888-888888888888', 'Austin', 'JN02601380', '971522757637', '522757637', '522757637', 'contact', '4', 'CBSE', 'English', 'Customised', 5, 5, 'active', '2026-02-02', 'WhatsApp', now(), now())
    ON CONFLICT (student_code) DO UPDATE SET academic_coordinator_id = EXCLUDED.academic_coordinator_id, student_name = EXCLUDED.student_name, contact_number = EXCLUDED.contact_number, parent_phone = EXCLUDED.parent_phone, alternative_number = EXCLUDED.alternative_number, class_level = EXCLUDED.class_level, board = EXCLUDED.board, medium = EXCLUDED.medium, package_name = EXCLUDED.package_name, total_hours = EXCLUDED.total_hours, remaining_hours = EXCLUDED.remaining_hours, status = EXCLUDED.status, updated_at = now();
    INSERT INTO public.students (id, academic_coordinator_id, student_name, student_code, contact_number, parent_phone, alternative_number, messaging_number, class_level, board, medium, package_name, total_hours, remaining_hours, status, joined_at, source, created_at, updated_at)
    VALUES ('58000049-0000-4000-8000-000000000031', 'e8888888-8888-4888-a888-888888888888', 'Raisan S Santhosh', 'FB02601412', '919846312760', '9846312760', '9846312760', 'contact', '6', 'STATE', 'English', 'Monthly', 20, 20, 'active', '2026-02-26', 'WhatsApp', now(), now())
    ON CONFLICT (student_code) DO UPDATE SET academic_coordinator_id = EXCLUDED.academic_coordinator_id, student_name = EXCLUDED.student_name, contact_number = EXCLUDED.contact_number, parent_phone = EXCLUDED.parent_phone, alternative_number = EXCLUDED.alternative_number, class_level = EXCLUDED.class_level, board = EXCLUDED.board, medium = EXCLUDED.medium, package_name = EXCLUDED.package_name, total_hours = EXCLUDED.total_hours, remaining_hours = EXCLUDED.remaining_hours, status = EXCLUDED.status, updated_at = now();
    INSERT INTO public.students (id, academic_coordinator_id, student_name, student_code, contact_number, parent_phone, alternative_number, messaging_number, class_level, board, medium, package_name, total_hours, remaining_hours, status, joined_at, source, created_at, updated_at)
    VALUES ('58000050-0000-4000-8000-000000000032', 'e8888888-8888-4888-a888-888888888888', 'Arshid', 'DC02501307', '919567141736', '9567141736', '9567141736', 'contact', '12', 'CBSE', 'English', 'Monthly', 24, 24, 'active', '2025-12-15', 'WhatsApp', now(), now())
    ON CONFLICT (student_code) DO UPDATE SET academic_coordinator_id = EXCLUDED.academic_coordinator_id, student_name = EXCLUDED.student_name, contact_number = EXCLUDED.contact_number, parent_phone = EXCLUDED.parent_phone, alternative_number = EXCLUDED.alternative_number, class_level = EXCLUDED.class_level, board = EXCLUDED.board, medium = EXCLUDED.medium, package_name = EXCLUDED.package_name, total_hours = EXCLUDED.total_hours, remaining_hours = EXCLUDED.remaining_hours, status = EXCLUDED.status, updated_at = now();
    INSERT INTO public.students (id, academic_coordinator_id, student_name, student_code, contact_number, parent_phone, alternative_number, messaging_number, class_level, board, medium, package_name, total_hours, remaining_hours, status, joined_at, source, created_at, updated_at)
    VALUES ('58000051-0000-4000-8000-000000000033', 'e8888888-8888-4888-a888-888888888888', 'Muhammed Faadil', 'JN02601331', '919048959920', '9048959920', '9048959920', 'contact', '6', 'CBSE', 'English', 'Monthly', 20, 20, 'active', '2026-01-04', 'WhatsApp', now(), now())
    ON CONFLICT (student_code) DO UPDATE SET academic_coordinator_id = EXCLUDED.academic_coordinator_id, student_name = EXCLUDED.student_name, contact_number = EXCLUDED.contact_number, parent_phone = EXCLUDED.parent_phone, alternative_number = EXCLUDED.alternative_number, class_level = EXCLUDED.class_level, board = EXCLUDED.board, medium = EXCLUDED.medium, package_name = EXCLUDED.package_name, total_hours = EXCLUDED.total_hours, remaining_hours = EXCLUDED.remaining_hours, status = EXCLUDED.status, updated_at = now();
    INSERT INTO public.students (id, academic_coordinator_id, student_name, student_code, contact_number, parent_phone, alternative_number, messaging_number, class_level, board, medium, package_name, total_hours, remaining_hours, status, joined_at, source, created_at, updated_at)
    VALUES ('58000052-0000-4000-8000-000000000034', 'e8888888-8888-4888-a888-888888888888', 'Eliza Sinoby', 'JN02601337', '96892066809', '92066809', '92066809', 'contact', '8', 'CBSE', 'English', 'Monthly', 20, 20, 'active', '2026-01-07', 'WhatsApp', now(), now())
    ON CONFLICT (student_code) DO UPDATE SET academic_coordinator_id = EXCLUDED.academic_coordinator_id, student_name = EXCLUDED.student_name, contact_number = EXCLUDED.contact_number, parent_phone = EXCLUDED.parent_phone, alternative_number = EXCLUDED.alternative_number, class_level = EXCLUDED.class_level, board = EXCLUDED.board, medium = EXCLUDED.medium, package_name = EXCLUDED.package_name, total_hours = EXCLUDED.total_hours, remaining_hours = EXCLUDED.remaining_hours, status = EXCLUDED.status, updated_at = now();
    INSERT INTO public.students (id, academic_coordinator_id, student_name, student_code, contact_number, parent_phone, alternative_number, messaging_number, class_level, board, medium, package_name, total_hours, remaining_hours, status, joined_at, source, created_at, updated_at)
    VALUES ('58000053-0000-4000-8000-000000000035', 'e8888888-8888-4888-a888-888888888888', 'Abdhurahman', 'JN02601346', '916235315967', '7736233282', '7736233282', 'contact', '11', 'CBSE', 'English', 'Customised', 24, 24, 'active', '2026-01-10', 'WhatsApp', now(), now())
    ON CONFLICT (student_code) DO UPDATE SET academic_coordinator_id = EXCLUDED.academic_coordinator_id, student_name = EXCLUDED.student_name, contact_number = EXCLUDED.contact_number, parent_phone = EXCLUDED.parent_phone, alternative_number = EXCLUDED.alternative_number, class_level = EXCLUDED.class_level, board = EXCLUDED.board, medium = EXCLUDED.medium, package_name = EXCLUDED.package_name, total_hours = EXCLUDED.total_hours, remaining_hours = EXCLUDED.remaining_hours, status = EXCLUDED.status, updated_at = now();
    INSERT INTO public.students (id, academic_coordinator_id, student_name, student_code, contact_number, parent_phone, alternative_number, messaging_number, class_level, board, medium, package_name, total_hours, remaining_hours, status, joined_at, source, created_at, updated_at)
    VALUES ('58000054-0000-4000-8000-000000000036', 'e8888888-8888-4888-a888-888888888888', 'Nihara Nisanth', 'FB02601390', '971568316516', '568316516', '568316516', 'contact', '3', 'CBSE', 'English', 'Monthly', 20, 20, 'active', '2025-02-04', 'WhatsApp', now(), now())
    ON CONFLICT (student_code) DO UPDATE SET academic_coordinator_id = EXCLUDED.academic_coordinator_id, student_name = EXCLUDED.student_name, contact_number = EXCLUDED.contact_number, parent_phone = EXCLUDED.parent_phone, alternative_number = EXCLUDED.alternative_number, class_level = EXCLUDED.class_level, board = EXCLUDED.board, medium = EXCLUDED.medium, package_name = EXCLUDED.package_name, total_hours = EXCLUDED.total_hours, remaining_hours = EXCLUDED.remaining_hours, status = EXCLUDED.status, updated_at = now();
    INSERT INTO public.students (id, academic_coordinator_id, student_name, student_code, contact_number, parent_phone, alternative_number, messaging_number, class_level, board, medium, package_name, total_hours, remaining_hours, status, joined_at, source, created_at, updated_at)
    VALUES ('58000055-0000-4000-8000-000000000037', 'e8888888-8888-4888-a888-888888888888', 'Nivedhya nisanth', 'FB02601391', '971568316516', '568316516', '568316516', 'contact', '7', 'CBSE', 'English', 'Monthly', 20, 20, 'active', '2026-02-04', 'WhatsApp', now(), now())
    ON CONFLICT (student_code) DO UPDATE SET academic_coordinator_id = EXCLUDED.academic_coordinator_id, student_name = EXCLUDED.student_name, contact_number = EXCLUDED.contact_number, parent_phone = EXCLUDED.parent_phone, alternative_number = EXCLUDED.alternative_number, class_level = EXCLUDED.class_level, board = EXCLUDED.board, medium = EXCLUDED.medium, package_name = EXCLUDED.package_name, total_hours = EXCLUDED.total_hours, remaining_hours = EXCLUDED.remaining_hours, status = EXCLUDED.status, updated_at = now();
    INSERT INTO public.students (id, academic_coordinator_id, student_name, student_code, contact_number, parent_phone, alternative_number, messaging_number, class_level, board, medium, package_name, total_hours, remaining_hours, status, joined_at, source, created_at, updated_at)
    VALUES ('58000057-0000-4000-8000-000000000039', 'e8888888-8888-4888-a888-888888888888', 'Niharika', 'MR02601426', '919061729755', '9061729755', '9061729755', 'contact', '10', 'CBSE', 'English', 'Customised', 24, 24, 'active', '2026-03-06', 'WhatsApp', now(), now())
    ON CONFLICT (student_code) DO UPDATE SET academic_coordinator_id = EXCLUDED.academic_coordinator_id, student_name = EXCLUDED.student_name, contact_number = EXCLUDED.contact_number, parent_phone = EXCLUDED.parent_phone, alternative_number = EXCLUDED.alternative_number, class_level = EXCLUDED.class_level, board = EXCLUDED.board, medium = EXCLUDED.medium, package_name = EXCLUDED.package_name, total_hours = EXCLUDED.total_hours, remaining_hours = EXCLUDED.remaining_hours, status = EXCLUDED.status, updated_at = now();
    INSERT INTO public.students (id, academic_coordinator_id, student_name, student_code, contact_number, parent_phone, alternative_number, messaging_number, class_level, board, medium, package_name, total_hours, remaining_hours, status, joined_at, source, created_at, updated_at)
    VALUES ('58000058-0000-4000-8000-00000000003a', 'e8888888-8888-4888-a888-888888888888', 'Parthiv Nideesh Kumar', 'MR02601427', '96895872585', '95872585', '95872585', 'contact', '10', 'CBSE', 'English', 'Customised', 24, 24, 'active', '2026-03-06', 'WhatsApp', now(), now())
    ON CONFLICT (student_code) DO UPDATE SET academic_coordinator_id = EXCLUDED.academic_coordinator_id, student_name = EXCLUDED.student_name, contact_number = EXCLUDED.contact_number, parent_phone = EXCLUDED.parent_phone, alternative_number = EXCLUDED.alternative_number, class_level = EXCLUDED.class_level, board = EXCLUDED.board, medium = EXCLUDED.medium, package_name = EXCLUDED.package_name, total_hours = EXCLUDED.total_hours, remaining_hours = EXCLUDED.remaining_hours, status = EXCLUDED.status, updated_at = now();
    INSERT INTO public.students (id, academic_coordinator_id, student_name, student_code, contact_number, parent_phone, alternative_number, messaging_number, class_level, board, medium, package_name, total_hours, remaining_hours, status, joined_at, source, created_at, updated_at)
    VALUES ('58000059-0000-4000-8000-00000000003b', 'e8888888-8888-4888-a888-888888888888', 'Muhammed Shuhaib', 'MR02601420', '971551352357', '551352357', '7907737549', 'contact', '11', 'CBSE', 'English', 'Customised', 16, 16, 'active', '2026-03-03', 'WhatsApp', now(), now())
    ON CONFLICT (student_code) DO UPDATE SET academic_coordinator_id = EXCLUDED.academic_coordinator_id, student_name = EXCLUDED.student_name, contact_number = EXCLUDED.contact_number, parent_phone = EXCLUDED.parent_phone, alternative_number = EXCLUDED.alternative_number, class_level = EXCLUDED.class_level, board = EXCLUDED.board, medium = EXCLUDED.medium, package_name = EXCLUDED.package_name, total_hours = EXCLUDED.total_hours, remaining_hours = EXCLUDED.remaining_hours, status = EXCLUDED.status, updated_at = now();
    INSERT INTO public.students (id, academic_coordinator_id, student_name, student_code, contact_number, parent_phone, alternative_number, messaging_number, class_level, board, medium, package_name, total_hours, remaining_hours, status, joined_at, source, created_at, updated_at)
    VALUES ('58000060-0000-4000-8000-00000000003c', 'e8888888-8888-4888-a888-888888888888', 'Ahammed Labeeb', 'NV02501257', '919895399030', '9895399030', '9895399030', 'contact', '11', 'CBSE', 'English', 'Customised', 8, 8, 'active', '2025-11-17', 'WhatsApp', now(), now())
    ON CONFLICT (student_code) DO UPDATE SET academic_coordinator_id = EXCLUDED.academic_coordinator_id, student_name = EXCLUDED.student_name, contact_number = EXCLUDED.contact_number, parent_phone = EXCLUDED.parent_phone, alternative_number = EXCLUDED.alternative_number, class_level = EXCLUDED.class_level, board = EXCLUDED.board, medium = EXCLUDED.medium, package_name = EXCLUDED.package_name, total_hours = EXCLUDED.total_hours, remaining_hours = EXCLUDED.remaining_hours, status = EXCLUDED.status, updated_at = now();
    INSERT INTO public.students (id, academic_coordinator_id, student_name, student_code, contact_number, parent_phone, alternative_number, messaging_number, class_level, board, medium, package_name, total_hours, remaining_hours, status, joined_at, source, created_at, updated_at)
    VALUES ('58000061-0000-4000-8000-00000000003d', 'e8888888-8888-4888-a888-888888888888', 'Archa jayaraj', 'OT02501223', '966530684363', '530684363', '507625920', 'contact', '11', 'CBSE', 'English', 'Monthly', 20, 20, 'active', '2025-10-16', 'WhatsApp', now(), now())
    ON CONFLICT (student_code) DO UPDATE SET academic_coordinator_id = EXCLUDED.academic_coordinator_id, student_name = EXCLUDED.student_name, contact_number = EXCLUDED.contact_number, parent_phone = EXCLUDED.parent_phone, alternative_number = EXCLUDED.alternative_number, class_level = EXCLUDED.class_level, board = EXCLUDED.board, medium = EXCLUDED.medium, package_name = EXCLUDED.package_name, total_hours = EXCLUDED.total_hours, remaining_hours = EXCLUDED.remaining_hours, status = EXCLUDED.status, updated_at = now();
    INSERT INTO public.students (id, academic_coordinator_id, student_name, student_code, contact_number, parent_phone, alternative_number, messaging_number, class_level, board, medium, package_name, total_hours, remaining_hours, status, joined_at, source, created_at, updated_at)
    VALUES ('58000062-0000-4000-8000-00000000003e', 'e8888888-8888-4888-a888-888888888888', 'Jeevan', 'JN02601360', '96566428185', '66428185', '66428185', 'contact', '10', 'CBSE', 'English', 'Customised', 12, 12, 'active', '2026-01-17', 'WhatsApp', now(), now())
    ON CONFLICT (student_code) DO UPDATE SET academic_coordinator_id = EXCLUDED.academic_coordinator_id, student_name = EXCLUDED.student_name, contact_number = EXCLUDED.contact_number, parent_phone = EXCLUDED.parent_phone, alternative_number = EXCLUDED.alternative_number, class_level = EXCLUDED.class_level, board = EXCLUDED.board, medium = EXCLUDED.medium, package_name = EXCLUDED.package_name, total_hours = EXCLUDED.total_hours, remaining_hours = EXCLUDED.remaining_hours, status = EXCLUDED.status, updated_at = now();

END $$;